[2026/01/18 16:18:01   INFO]           [HytaleServer] Starting HytaleServer
[2026/01/18 16:18:01   INFO]           [HytaleServer] Loading config...
[2026/01/18 16:18:01   INFO]           [HytaleServer] Authentication mode: AUTHENTICATED
[2026/01/18 16:18:01   INFO]      [ServerAuthManager] No server tokens configured. Use /auth login to authenticate, or provide tokens via CLI/environment.
[2026/01/18 16:18:01   INFO]      [ServerAuthManager] Server session ID: 4d67c475-eee4-4e71-9d89-5279a9ab1a6d
[2026/01/18 16:18:01   INFO]           [HytaleServer] Enabling Sentry
[2026/01/18 16:18:02   INFO]           [HytaleServer] Booting up HytaleServer - Version: 2026.01.17-4b0f30090, Revision: 4b0f30090ab99c9ce84652006e40c825c555ad98
[2026/01/18 16:18:02   INFO]           [HytaleServer] Setup phase...
[2026/01/18 16:18:02   INFO]          [PluginManager] Loading pending core plugins!
[2026/01/18 16:18:02   INFO]          [PluginManager] - Hytale:ConsoleModule
[2026/01/18 16:18:02   INFO]          [PluginManager] - Hytale:PermissionsModule
[2026/01/18 16:18:02   INFO]          [PluginManager] - Hytale:FlyCameraModule
[2026/01/18 16:18:02   INFO]          [PluginManager] - Hytale:AssetModule
[2026/01/18 16:18:02   INFO]          [PluginManager] - Hytale:CommonAssetModule
[2026/01/18 16:18:02   INFO]          [PluginManager] - Hytale:CosmeticsModule
[2026/01/18 16:18:02   INFO]          [PluginManager] - Hytale:ServerManager
[2026/01/18 16:18:02   INFO]          [PluginManager] - Hytale:I18nModule
[2026/01/18 16:18:02   INFO]          [PluginManager] - Hytale:ItemModule
[2026/01/18 16:18:02   INFO]          [PluginManager] - Hytale:BlockTypeModule
[2026/01/18 16:18:02   INFO]          [PluginManager] - Hytale:LegacyModule
[2026/01/18 16:18:02   INFO]          [PluginManager] - Hytale:BlockModule
[2026/01/18 16:18:02   INFO]          [PluginManager] - Hytale:BlockStateModule
[2026/01/18 16:18:02   INFO]          [PluginManager] - Hytale:CollisionModule
[2026/01/18 16:18:02   INFO]          [PluginManager] - Hytale:BlockSetModule
[2026/01/18 16:18:02   INFO]          [PluginManager] - Hytale:MigrationModule
[2026/01/18 16:18:02   INFO]          [PluginManager] - Hytale:BlockHealthModule
[2026/01/18 16:18:02   INFO]          [PluginManager] - Hytale:PrefabSpawnerModule
[2026/01/18 16:18:02   INFO]          [PluginManager] - Hytale:TimeModule
[2026/01/18 16:18:02   INFO]          [PluginManager] - Hytale:InteractionModule
[2026/01/18 16:18:02   INFO]          [PluginManager] - Hytale:EntityModule
[2026/01/18 16:18:02   INFO]          [PluginManager] - Hytale:EntityStatsModule
[2026/01/18 16:18:02   INFO]          [PluginManager] - Hytale:EntityUIModule
[2026/01/18 16:18:02   INFO]          [PluginManager] - Hytale:DamageModule
[2026/01/18 16:18:02   INFO]          [PluginManager] - Hytale:SplitVelocity
[2026/01/18 16:18:02   INFO]          [PluginManager] - Hytale:StaminaModule
[2026/01/18 16:18:02   INFO]          [PluginManager] - Hytale:DebugPlugin
[2026/01/18 16:18:02   INFO]          [PluginManager] - Hytale:ProjectileModule
[2026/01/18 16:18:02   INFO]          [PluginManager] - Hytale:ServerPlayerListModule
[2026/01/18 16:18:02   INFO]          [PluginManager] - Hytale:AccessControlModule
[2026/01/18 16:18:02   INFO]          [PluginManager] - Hytale:SingleplayerModule
[2026/01/18 16:18:02   INFO]          [PluginManager] - Hytale:Universe
[2026/01/18 16:18:02   INFO]          [PluginManager] - Hytale:ConnectedBlocksModule
[2026/01/18 16:18:02   INFO]          [PluginManager] Loading pending classpath plugins!
[2026/01/18 16:18:02   INFO]          [PluginManager] - Hytale:AssetEditor
[2026/01/18 16:18:02   INFO]          [PluginManager] - Hytale:BlockSpawner
[2026/01/18 16:18:02   INFO]          [PluginManager] - Hytale:BlockTick
[2026/01/18 16:18:02   INFO]          [PluginManager] - Hytale:BlockPhysics
[2026/01/18 16:18:02   INFO]          [PluginManager] - Hytale:BuilderTools
[2026/01/18 16:18:02   INFO]          [PluginManager] - Hytale:Crafting
[2026/01/18 16:18:02   INFO]          [PluginManager] - Hytale:CommandMacro
[2026/01/18 16:18:02   INFO]          [PluginManager] - Hytale:Instances
[2026/01/18 16:18:02   INFO]          [PluginManager] - Hytale:LANDiscovery
[2026/01/18 16:18:02   INFO]          [PluginManager] - Hytale:NPC
[2026/01/18 16:18:02   INFO]          [PluginManager] - Hytale:NPCObjectives
[2026/01/18 16:18:02   INFO]          [PluginManager] - Hytale:ObjectiveReputation
[2026/01/18 16:18:02   INFO]          [PluginManager] - Hytale:Objectives
[2026/01/18 16:18:02   INFO]          [PluginManager] - Hytale:ObjectiveShop
[2026/01/18 16:18:02   INFO]          [PluginManager] - Hytale:Path
[2026/01/18 16:18:02   INFO]          [PluginManager] - Hytale:Reputation
[2026/01/18 16:18:02   INFO]          [PluginManager] - Hytale:NPCReputation
[2026/01/18 16:18:02   INFO]          [PluginManager] - Hytale:Shop
[2026/01/18 16:18:02   INFO]          [PluginManager] - Hytale:ShopReputation
[2026/01/18 16:18:02   INFO]          [PluginManager] - Hytale:NPCShop
[2026/01/18 16:18:02   INFO]          [PluginManager] - Hytale:NPCEditor
[2026/01/18 16:18:02   INFO]          [PluginManager] - Hytale:Stash
[2026/01/18 16:18:02   INFO]          [PluginManager] - Hytale:TagSet
[2026/01/18 16:18:02   INFO]          [PluginManager] - Hytale:Teleport
[2026/01/18 16:18:02   INFO]          [PluginManager] - Hytale:Fluid
[2026/01/18 16:18:02   INFO]          [PluginManager] - Hytale:Weather
[2026/01/18 16:18:02   INFO]          [PluginManager] - Hytale:WorldGen
[2026/01/18 16:18:02   INFO]          [PluginManager] - Hytale:Farming
[2026/01/18 16:18:02   INFO]          [PluginManager] - Hytale:Camera
[2026/01/18 16:18:02   INFO]          [PluginManager] - Hytale:WorldLocationCondition
[2026/01/18 16:18:02   INFO]          [PluginManager] - Hytale:NPCCombatActionEvaluator
[2026/01/18 16:18:02   INFO]          [PluginManager] - Hytale:Model
[2026/01/18 16:18:02   INFO]          [PluginManager] - Hytale:Mantling
[2026/01/18 16:18:02   INFO]          [PluginManager] - Hytale:SafetyRoll
[2026/01/18 16:18:02   INFO]          [PluginManager] - Hytale:SprintForce
[2026/01/18 16:18:02   INFO]          [PluginManager] - Hytale:CrouchSlide
[2026/01/18 16:18:02   INFO]          [PluginManager] - Hytale:Parkour
[2026/01/18 16:18:02   INFO]          [PluginManager] - Hytale:Mounts
[2026/01/18 16:18:02   INFO]          [PluginManager] - Hytale:HytaleGenerator
[2026/01/18 16:18:02   INFO]          [PluginManager] - Hytale:Teleporter
[2026/01/18 16:18:02   INFO]          [PluginManager] - Hytale:Memories
[2026/01/18 16:18:02   INFO]          [PluginManager] - Hytale:Deployables
[2026/01/18 16:18:02   INFO]          [PluginManager] - Hytale:Portals
[2026/01/18 16:18:02   INFO]          [PluginManager] - Hytale:Beds
[2026/01/18 16:18:02   INFO]          [PluginManager] - Hytale:Ambience
[2026/01/18 16:18:02   INFO]          [PluginManager] - Hytale:CreativeHub
[2026/01/18 16:18:02   INFO]          [PluginManager] Loading pending plugins from directory: mods
[2026/01/18 16:18:02   INFO]          [AssetModule|P] Asset monitor enabled!
[2026/01/18 16:18:02   INFO]          [AssetModule|P] Loaded pack: Hytale:Hytale from Assets.zip
[2026/01/18 16:18:02   INFO]          [AssetModule|P] Loading packs from directory: mods
[2026/01/18 16:18:02   WARN]          [AssetModule|P] Skipping pack at Hytale_Shop: missing or invalid manifest.json
[2026/01/18 16:18:02   INFO]        [ConsoleModule|P] Setup console with type: xterm-256color
[2026/01/18 16:18:02   INFO]      [ServerAuthManager] Server certificate set: CN=localhost
[2026/01/18 16:18:02   INFO]          [QUICTransport] Server certificate registered for mutual auth, fingerprint: cMfU7hcHk4X9zyYV55lCEMXsQz1dcwndnSCPfuGPoQg
[2026/01/18 16:18:02   INFO]          [QUICTransport] Using IPv4 Datagram Channel: EpollDatagramChannel(INET)...
[2026/01/18 16:18:02   INFO]          [QUICTransport] Using IPv6 Datagram Channel: EpollDatagramChannel(INET6)...
[2026/01/18 16:18:02   WARN] [io.netty.bootstrap.Bootstrap] Unknown channel option 'IP_DONTFRAGMENT' for channel '[id: 0x77922e09]' of type 'class io.netty.channel.epoll.EpollDatagramChannel'
[2026/01/18 16:18:02   WARN] [io.netty.bootstrap.Bootstrap] Unknown channel option 'IP_DONTFRAGMENT' for channel '[id: 0x73864173]' of type 'class io.netty.channel.epoll.EpollDatagramChannel'
[2026/01/18 16:18:02   INFO]              [ServerManager|P] Took 733ms 459us 898ns to setup transport!
[2026/01/18 16:18:04   INFO]            [ServerAuthManager] Auth credential store: Memory
[2026/01/18 16:18:04   INFO]                 [HytaleServer] Setup phase completed! Boot time 2sec 778ms 210us 921ns
[2026/01/18 16:18:04   INFO]                       [Hytale] Loading common assets from: /
[2026/01/18 16:18:04   INFO]          [CommonAssetModule|P] Took 56ms 823us 996ns to load 22913 assets from CommonAssetsIndex.hashes file.
[2026/01/18 16:18:04   WARN]          [CommonAssetModule|P] Duplicated Asset Count: 931
[2026/01/18 16:18:04   INFO]                       [Hytale] Loading common assets phase completed! Boot time 2sec 835ms 650us 295ns, Took 57ms 245us 622ns
[2026/01/18 16:18:04   INFO]          [AssetRegistryLoader] Loading 91 asset stores...
[2026/01/18 16:18:04   INFO]          [AssetRegistryLoader] Pre-adding assets...
[2026/01/18 16:18:04   INFO]            [CollisionModule|P] Block extents for CollisionSystem is Max=0.0, Min=0.0
[2026/01/18 16:18:04   INFO]                       [Hytale] Loading assets from: /Server
[2026/01/18 16:18:04   INFO]          [AssetRegistryLoader] Loading assets from /Server
[2026/01/18 16:18:04   WARN] [AssetStore|ScriptedBrushAsset] Unused key(s) in 'FluidMaskExample' file /Server/ScriptedBrushes/Examples/FluidMaskExample.json: Description
[2026/01/18 16:18:04   WARN] [AssetStore|ScriptedBrushAsset] Asset key 'templeFloor' for file '/Server/ScriptedBrushes/Archive/templeFloor.json' has incorrect format! Expected: 'TempleFloor'
[2026/01/18 16:18:04   WARN] [AssetStore|ScriptedBrushAsset] Asset key 'templePillars' for file '/Server/ScriptedBrushes/Archive/templePillars.json' has incorrect format! Expected: 'TemplePillars'
[2026/01/18 16:18:04   WARN] [AssetStore|ScriptedBrushAsset] Unused key(s) in 'ReplaceWaterExample' file /Server/ScriptedBrushes/Examples/ReplaceWaterExample.json: Description
[2026/01/18 16:18:04   WARN] [AssetStore|ScriptedBrushAsset] Asset key 'templeWalls' for file '/Server/ScriptedBrushes/Archive/templeWalls.json' has incorrect format! Expected: 'TempleWalls'
[2026/01/18 16:18:04   WARN] [AssetStore|ScriptedBrushAsset] Asset key 'templeRandom' for file '/Server/ScriptedBrushes/Archive/templeRandom.json' has incorrect format! Expected: 'TempleRandom'
[2026/01/18 16:18:04   WARN] [AssetStore|ScriptedBrushAsset] Asset key 'templeDestruction' for file '/Server/ScriptedBrushes/Archive/templeDestruction.json' has incorrect format! Expected: 'TempleDestruction'
[2026/01/18 16:18:04   WARN] [AssetStore|ScriptedBrushAsset] Asset key 'MountainBrush_old' for file '/Server/ScriptedBrushes/Archive/MountainBrush_old.json' has incorrect format! Expected: 'MountainBrush_Old'
[2026/01/18 16:18:04   WARN] [AssetStore|ScriptedBrushAsset] Asset key 'moltenBall' for file '/Server/ScriptedBrushes/Archive/moltenBall.json' has incorrect format! Expected: 'MoltenBall'
[2026/01/18 16:18:04   WARN] [AssetStore|ScriptedBrushAsset] Asset key 'keepDestruction' for file '/Server/ScriptedBrushes/Archive/keepDestruction.json' has incorrect format! Expected: 'KeepDestruction'
[2026/01/18 16:18:04   WARN] [AssetStore|ScriptedBrushAsset] Asset key 'BoulderBrush_old' for file '/Server/ScriptedBrushes/Archive/BoulderBrush_old.json' has incorrect format! Expected: 'BoulderBrush_Old'
[2026/01/18 16:18:04 SEVERE]                          [SERR] Reallocate: 131072 to 1179648
[2026/01/18 16:18:04   WARN]              [BlockSetModule|P] Creating block sets: Failed to find block name 'Furniture_Temple_Light_Statue'
[2026/01/18 16:18:04   WARN]              [BlockSetModule|P] Creating block sets: Failed to find block name 'Ingredient_Hay'
[2026/01/18 16:18:04   WARN]              [BlockSetModule|P] Creating block sets: Failed to find block name 'Wood_Softwood_Planks'
[2026/01/18 16:18:04   WARN]              [BlockSetModule|P] Creating block sets: Failed to find block name 'Furniture_Feran_Bed'
[2026/01/18 16:18:04   WARN]              [BlockSetModule|P] Creating block sets: Failed to find block name 'Coop_Chicken'
[2026/01/18 16:18:04   WARN]              [BlockSetModule|P] Creating block sets: Failed to find hitbox name 'Fence'
[2026/01/18 16:18:04   WARN]              [BlockSetModule|P] Creating block sets: Failed to find hitbox name 'Fence_Gate'
[2026/01/18 16:18:04   WARN]              [BlockSetModule|P] Creating block sets: Failed to find hitbox name 'Fence_Gate_Open_In'
[2026/01/18 16:18:04   WARN]              [BlockSetModule|P] Creating block sets: Failed to find hitbox name 'Fence_Gate_Open_Out'
[2026/01/18 16:18:04   WARN]              [BlockSetModule|P] Creating block sets: Failed to find hitbox name 'Fence_Thin'
[2026/01/18 16:18:04   WARN]              [BlockSetModule|P] Creating block sets: Failed to find hitbox name 'Fence_Thick'
[2026/01/18 16:18:04   WARN]              [BlockSetModule|P] Creating block sets: Failed to find hitbox name 'Fence_Corner'
[2026/01/18 16:18:04   WARN]              [BlockSetModule|P] Creating block sets: Failed to find hitbox name 'Fence_Corner_Thin'
[2026/01/18 16:18:04   WARN]              [BlockSetModule|P] Creating block sets: Failed to find hitbox name 'Fence_Corner_Thick'
[2026/01/18 16:18:04   WARN]              [BlockSetModule|P] Creating block sets: Failed to find block name 'Furniture_Crude_Bed'
[2026/01/18 16:18:04   WARN]              [BlockSetModule|P] Creating block sets: Failed to find block name 'Soil_Grass'
[2026/01/18 16:18:04   WARN]              [BlockSetModule|P] Creating block sets: Failed to find block name 'Soil_Dirt'
[2026/01/18 16:18:04   WARN]              [BlockSetModule|P] Creating block sets: Failed to find block name 'Soil_Dirt_Poisoned'
[2026/01/18 16:18:04   WARN]              [BlockSetModule|P] Creating block sets: Failed to find block name 'Soil_Mud'
[2026/01/18 16:18:04   WARN]              [BlockSetModule|P] Creating block sets: Failed to find block name 'Soil_Gravel_Sand'
[2026/01/18 16:18:04   WARN]              [BlockSetModule|P] Creating block sets: Failed to find block name 'Soil_Dirt'
[2026/01/18 16:18:04   WARN]              [BlockSetModule|P] Creating block sets: Failed to find block name 'Soil_Clay'
[2026/01/18 16:18:04   WARN]              [BlockSetModule|P] Creating block sets: Failed to find block name 'Rock_Stone'
[2026/01/18 16:18:04   WARN]              [BlockSetModule|P] Creating block sets: Failed to find block name 'Rock_Marble'
[2026/01/18 16:18:04   WARN]              [BlockSetModule|P] Creating block sets: Failed to find block name 'Rock_Chalk'
[2026/01/18 16:18:04   WARN]           [AssetStore|ModelVFX] Asset key 'test' for file '/Server/Entity/ModelVFX/test.json' has incorrect format! Expected: 'Test'
[2026/01/18 16:18:04   WARN]    [AssetStore|PrefabListAsset] Asset key 'Trees_Ash_swamp_dead' for file '/Server/PrefabList/Trees_Ash_swamp_dead.json' has incorrect format! Expected: 'Trees_Ash_Swamp_Dead'
[2026/01/18 16:18:04   WARN]    [AssetStore|PrefabListAsset] Asset key 'Trees_Ash_twisted_Giant' for file '/Server/PrefabList/Trees_Ash_twisted_Giant.json' has incorrect format! Expected: 'Trees_Ash_Twisted_Giant'
[2026/01/18 16:18:04   WARN]    [AssetStore|PrefabListAsset] Asset key 'Trees_Ash_twisted' for file '/Server/PrefabList/Trees_Ash_twisted.json' has incorrect format! Expected: 'Trees_Ash_Twisted'
[2026/01/18 16:18:04   WARN]    [AssetStore|PrefabListAsset] Asset key 'Trees_Ash_swamp' for file '/Server/PrefabList/Trees_Ash_swamp.json' has incorrect format! Expected: 'Trees_Ash_Swamp'
[2026/01/18 16:18:04   WARN]    [AssetStore|PrefabListAsset] Asset key 'Trees_Fir_red' for file '/Server/PrefabList/Trees_Fir_red.json' has incorrect format! Expected: 'Trees_Fir_Red'
[2026/01/18 16:18:04   WARN]    [AssetStore|PrefabListAsset] Asset key 'Trees_Burnt_dead' for file '/Server/PrefabList/Trees_Burnt_dead.json' has incorrect format! Expected: 'Trees_Burnt_Dead'
[2026/01/18 16:18:04   WARN]    [AssetStore|PrefabListAsset] Asset key 'Trees_Ash_twisted_Large' for file '/Server/PrefabList/Trees_Ash_twisted_Large.json' has incorrect format! Expected: 'Trees_Ash_Twisted_Large'
[2026/01/18 16:18:04   WARN]              [MacroCommandBase] Could not parse default argument value for argument: 'world' on Macro Command: 'settimeandgohome'.
server.commands.errors.noSuchWorld{name=com.hypixel.hytale.protocol.StringParamValue@bf4c6e40}
server.commands.errors.noSuchWorld{name=com.hypixel.hytale.protocol.StringParamValue@bf4c6e40}
[2026/01/18 16:18:04   INFO]             [CollisionModule|P] Block extents for CollisionSystem is Max=3.0, Min=0.0
[2026/01/18 16:18:05   WARN]     [AssetStore|ParticleSystem] Unused key(s) in 'Potion_Health_Implosion' file /Server/Particles/Status_Effect/Potion_Health/Potion_Health_Implosion.particlesystem: Spawners.0.Scale
[2026/01/18 16:18:05   WARN]     [AssetStore|ParticleSystem] Unused key(s) in 'Potion_Stamina_Burst' file /Server/Particles/Status_Effect/Potion_Stamina/Potion_Stamina_Burst.particlesystem: Spawners.0.Scale
[2026/01/18 16:18:05   WARN]     [AssetStore|ParticleSystem] Unused key(s) in 'Potion_Morph_Burst' file /Server/Particles/Status_Effect/Potion_Morph/Potion_Morph_Burst.particlesystem: Spawners.0.Scale
[2026/01/18 16:18:05   WARN]        [AssetStore|Environment] Asset key 'Env_Temple_of_Gaia' for file '/Server/Environments/Unique/Env_Temple_of_Gaia.json' has incorrect format! Expected: 'Env_Temple_Of_Gaia'
[2026/01/18 16:18:05   WARN]       [AssetStore|EntityEffect] Unused key(s) in 'Food_EffectCondition_Buff_Medium' file /Server/Entity/Effects/Food/Buff/_Deprecated/Food_EffectCondition_Buff_Medium.json: Type, EntityEffectIds, Match, Next, Failed
[2026/01/18 16:18:05   WARN]       [AssetStore|EntityEffect] Unused key(s) in 'Food_EffectCondition_Buff_Small' file /Server/Entity/Effects/Food/Buff/_Deprecated/Food_EffectCondition_Buff_Small.json: Type, EntityEffectIds, Match, Next, Failed
[2026/01/18 16:18:05   WARN]        [AssetStore|Interaction] Unused key(s) in 'Ice_Bolt_Miss' file /Server/Item/Interactions/Weapons/Staff/Ice/Ice_Bolt_Miss.json: Effects.WorldParticles
[2026/01/18 16:18:05   WARN]        [AssetStore|Interaction] Unused key(s) in 'Explode_Generic' file /Server/Item/Interactions/Explosions/Explode_Generic.json: Config.Knockback.VelocityConfig.Direction
[2026/01/18 16:18:05   WARN]        [AssetStore|Interaction] Unused key(s) in 'Weapon_Battleaxe_Primary_Downstrike_Force' file /Server/Item/Interactions/Weapons/Battleaxe/Primary/Downstrike/Weapon_Battleaxe_Primary_Downstrike_Force.json: MouseSensitivityAdjustmentTarget, MouseSensitivityAdjustmentDuration
[2026/01/18 16:18:05   WARN]        [AssetStore|Interaction] Unused key(s) in 'Ice_Ball_Miss' file /Server/Item/Interactions/Weapons/Staff/Ice/Ice_Ball_Miss.json: Effects.WorldParticles
[2026/01/18 16:18:05   WARN]        [AssetStore|Interaction] Unused key(s) in 'Weapon_Daggers_Primary_Pounce_Stab_Force' file /Server/Item/Interactions/Weapons/Daggers/Primary/Pounce/Stab/Weapon_Daggers_Primary_Pounce_Stab_Force.json: VelocityType
[2026/01/18 16:18:05   WARN]        [AssetStore|Interaction] Unused key(s) in '*Weapon_Sword_Signature_Vortexstrike_Spin_Selector_Next': Next
[2026/01/18 16:18:05   WARN]        [AssetStore|Interaction] Unused key(s) in '*Weapon_Daggers_Primary_Pounce_Stab_Selector_Next': Next
[2026/01/18 16:18:05   WARN]        [AssetStore|Interaction] Unused key(s) in '**Projectile_Config_Scarak_Seeker_Spitball_Interactions_ProjectileMiss_Interactions_0': Effects.WorldParticles
[2026/01/18 16:18:05   WARN]        [AssetStore|Interaction] Unused key(s) in '**Projectile_Config_Ice_Ball_Interactions_ProjectileMiss_Interactions_0': Effects.WorldParticles
[2026/01/18 16:18:05   WARN]        [AssetStore|Interaction] Unused key(s) in '**Projectile_Config_Scarak_Seeker_Spitball_Interactions_ProjectileHit_Interactions_0': Entity
[2026/01/18 16:18:05   WARN]        [AssetStore|Interaction] Unused key(s) in '**Projectile_Config_Ice_Bolt_Interactions_ProjectileMiss_Interactions_0': Effects.WorldParticles
[2026/01/18 16:18:05   WARN]               [HytaleGenerator] Duplicate export name for asset: Volcanic1_Swamp_Bushes_Jungles_Pattern
[2026/01/18 16:18:05   WARN]   [AssetStore|AssignmentsAsset] Unused key(s) in 'Runtime_Defect_1' file /Server/HytaleGenerator/Assignments/Dev/Runtime_Defect_1.json: Prop.BoxBlockType
[2026/01/18 16:18:05   INFO]               [HytaleGenerator] Exported Scanner asset with name 'Desert1_Oasis_Grasses_Scanner' with asset id 'null
[2026/01/18 16:18:05   WARN]               [HytaleGenerator] Duplicate export name for asset: Plains1_OakPattern_Floor_Grass
[2026/01/18 16:18:05   WARN]   [AssetStore|AssignmentsAsset] Unused key(s) in 'Desert1_Oasis_Grasses' file /Server/HytaleGenerator/Assignments/Desert1/Desert1_Oasis_Grasses.json: $Comments
[2026/01/18 16:18:05   WARN]   [AssetStore|AssignmentsAsset] Unused key(s) in 'Plains1_Mountains_Grasses' file /Server/HytaleGenerator/Assignments/Plains1/Plains1_Mountains_Grasses.json: FieldFunction.CacheSize
[2026/01/18 16:18:05   INFO]               [HytaleGenerator] Exported Scanner asset with name 'Desert1_Boulders_Scanner' with asset id 'null
[2026/01/18 16:18:05   WARN]   [AssetStore|AssignmentsAsset] Unused key(s) in 'Desert1_Oasis_Boulders' file /Server/HytaleGenerator/Assignments/Desert1/Desert1_Oasis_Boulders.json: $Comments
[2026/01/18 16:18:05   WARN]               [HytaleGenerator] Duplicate export name for asset: Plains1_OakPattern_Floor_Grass
[2026/01/18 16:18:05   INFO]               [HytaleGenerator] Exported Scanner asset with name 'Desert1_Boab_Scanner' with asset id 'null
[2026/01/18 16:18:05   WARN]               [HytaleGenerator] Duplicate export name for asset: Desert1_Boulders_Scanner
[2026/01/18 16:18:05   INFO]               [HytaleGenerator] Exported Scanner asset with name 'Desert1_Boulders_Scanner' with asset id 'null
[2026/01/18 16:18:05   INFO]               [HytaleGenerator] Exported Scanner asset with name 'Plains1_Gorges_Boulder_Scanner' with asset id 'null
[2026/01/18 16:18:05   WARN]   [AssetStore|AssignmentsAsset] Unused key(s) in 'Runtime_Defect_0' file /Server/HytaleGenerator/Assignments/Dev/Runtime_Defect_0.json: Prop.BoxBlockType
[2026/01/18 16:18:05   WARN]   [AssetStore|AssignmentsAsset] Unused key(s) in 'Plains1_Oak_Bushes' file /Server/HytaleGenerator/Assignments/Plains1/Plains1_Oak_Bushes.json: FieldFunction.CacheSize
[2026/01/18 16:18:05   WARN]   [AssetStore|AssignmentsAsset] Unused key(s) in 'Taiga1_Rivers_Grasses' file /Server/HytaleGenerator/Assignments/Taiga1/Taiga1_Rivers_Grasses.json: $Comments
[2026/01/18 16:18:05   INFO]               [HytaleGenerator] Exported Scanner asset with name 'Plains1_Gorges_Tree_Scanner' with asset id 'null
[2026/01/18 16:18:05   WARN]               [HytaleGenerator] Duplicate export name for asset: Plains1_Sticks
[2026/01/18 16:18:05   WARN]               [HytaleGenerator] Duplicate export name for asset: Plains1_OakPattern_Floor_Grass
[2026/01/18 16:18:05   WARN]   [AssetStore|AssignmentsAsset] Unused key(s) in 'Plains1_Deeproot_Grasses' file /Server/HytaleGenerator/Assignments/Plains1/Plains1_Deeproot_Grasses.json: FieldFunction.CacheSize
[2026/01/18 16:18:05   INFO]               [HytaleGenerator] Exported Scanner asset with name 'Desert1_Palm_Scanner' with asset id 'null
[2026/01/18 16:18:05   INFO]               [HytaleGenerator] Exported Scanner asset with name 'Desert1_Oasis_Plants_2_Scanner' with asset id 'null
[2026/01/18 16:18:05   INFO]               [HytaleGenerator] Exported Scanner asset with name 'Desert1_Dry_Scanner' with asset id 'null
[2026/01/18 16:18:05   WARN]   [AssetStore|AssignmentsAsset] Unused key(s) in 'Desert1_Oasis_Flowers_2' file /Server/HytaleGenerator/Assignments/Desert1/Desert1_Oasis_Flowers_2.json: $Comments
[2026/01/18 16:18:05   WARN]   [AssetStore|AssignmentsAsset] Unused key(s) in 'Desert1_Oasis_Trees_Dry' file /Server/HytaleGenerator/Assignments/Desert1/Desert1_Oasis_Trees_Dry.json: $Comments
[2026/01/18 16:18:05   WARN]   [AssetStore|AssignmentsAsset] Unused key(s) in 'Desert1_Oasis_Flowers' file /Server/HytaleGenerator/Assignments/Desert1/Desert1_Oasis_Flowers.json: $Comments
[2026/01/18 16:18:05   WARN] [AssetStore|CustomConnectedBlockTemplateAsset] Unused key(s) in 'DoorLargeConnectedBlockTemplate' file /Server/Item/CustomConnectedBlockTemplates/DoorLargeConnectedBlockTemplate.json: ConnectsToOtherTemplates
[2026/01/18 16:18:05   WARN] [AssetStore|CustomConnectedBlockTemplateAsset] Unused key(s) in 'RailsConnectedBlockTemplate' file /Server/Item/CustomConnectedBlockTemplates/RailsConnectedBlockTemplate.json: MaterialName
[2026/01/18 16:18:05   WARN]              [BlockSetModule|P] Creating block sets: Failed to find block name 'Furniture_Temple_Light_Statue'
[2026/01/18 16:18:05   WARN]              [BlockSetModule|P] Creating block sets: Failed to find block name 'Ingredient_Hay'
[2026/01/18 16:18:05   WARN]              [BlockSetModule|P] Creating block sets: Failed to find block name 'Wood_Softwood_Planks'
[2026/01/18 16:18:05   WARN]              [BlockSetModule|P] Creating block sets: Failed to find block name 'Furniture_Feran_Bed'
[2026/01/18 16:18:05   WARN]              [BlockSetModule|P] Creating block sets: Failed to find block name 'Coop_Chicken'
[2026/01/18 16:18:05   WARN]              [BlockSetModule|P] Creating block sets: Failed to find hitbox name 'Fence'
[2026/01/18 16:18:05   WARN]              [BlockSetModule|P] Creating block sets: Failed to find hitbox name 'Fence_Gate'
[2026/01/18 16:18:05   WARN]              [BlockSetModule|P] Creating block sets: Failed to find hitbox name 'Fence_Gate_Open_In'
[2026/01/18 16:18:05   WARN]              [BlockSetModule|P] Creating block sets: Failed to find hitbox name 'Fence_Gate_Open_Out'
[2026/01/18 16:18:05   WARN]              [BlockSetModule|P] Creating block sets: Failed to find hitbox name 'Fence_Thin'
[2026/01/18 16:18:05   WARN]              [BlockSetModule|P] Creating block sets: Failed to find hitbox name 'Fence_Thick'
[2026/01/18 16:18:05   WARN]              [BlockSetModule|P] Creating block sets: Failed to find hitbox name 'Fence_Corner'
[2026/01/18 16:18:05   WARN]              [BlockSetModule|P] Creating block sets: Failed to find hitbox name 'Fence_Corner_Thin'
[2026/01/18 16:18:05   WARN]              [BlockSetModule|P] Creating block sets: Failed to find hitbox name 'Fence_Corner_Thick'
[2026/01/18 16:18:05   WARN]              [BlockSetModule|P] Creating block sets: Failed to find block name 'Furniture_Crude_Bed'
[2026/01/18 16:18:05   WARN]              [BlockSetModule|P] Creating block sets: Failed to find block name 'Soil_Grass'
[2026/01/18 16:18:05   WARN]              [BlockSetModule|P] Creating block sets: Failed to find block name 'Soil_Dirt'
[2026/01/18 16:18:05   WARN]              [BlockSetModule|P] Creating block sets: Failed to find block name 'Soil_Dirt_Poisoned'
[2026/01/18 16:18:05   WARN]              [BlockSetModule|P] Creating block sets: Failed to find block name 'Soil_Mud'
[2026/01/18 16:18:05   WARN]              [BlockSetModule|P] Creating block sets: Failed to find block name 'Soil_Gravel_Sand'
[2026/01/18 16:18:05   WARN]              [BlockSetModule|P] Creating block sets: Failed to find block name 'Soil_Dirt'
[2026/01/18 16:18:05   WARN]              [BlockSetModule|P] Creating block sets: Failed to find block name 'Soil_Clay'
[2026/01/18 16:18:05   WARN]              [BlockSetModule|P] Creating block sets: Failed to find block name 'Rock_Stone'
[2026/01/18 16:18:05   WARN]              [BlockSetModule|P] Creating block sets: Failed to find block name 'Rock_Marble'
[2026/01/18 16:18:05   WARN]              [BlockSetModule|P] Creating block sets: Failed to find block name 'Rock_Chalk'
[2026/01/18 16:18:05   WARN]         [AssetStore|BiomeAsset] Unused key(s) in 'Example_Mixer_Gradient' file /Server/HytaleGenerator/Biomes/Examples/Example_Mixer_Gradient.json: Terrain.Density.Inputs.0.Inputs.0.Inputs.0.Inputs.0.Inputs.0.Inputs.0.CacheSize, Terrain.Density.Inputs.1.Inputs.0.Inputs.0.Inputs.0.Inputs.0.Inputs.0.CacheSize, Terrain.Density.Inputs.2.Inputs.0.CacheSize
[2026/01/18 16:18:05   WARN]         [AssetStore|BiomeAsset] Unused key(s) in 'Something' file /Server/HytaleGenerator/Biomes/Experimental/Something.json: Terrain.Density.Inputs.0.Inputs.0.Inputs.0.Inputs.0.CacheSize, Terrain.Density.Inputs.0.Inputs.0.Inputs.0.Inputs.1.Inputs.0.CacheSize, Terrain.Density.Inputs.0.Inputs.0.Inputs.1.Inputs.0.CacheSize, Terrain.Density.Inputs.0.Inputs.0.Inputs.1.Inputs.1.Inputs.0.Inputs.0.Inputs.0.Inputs.0.Sampled, Terrain.Density.Inputs.0.Inputs.0.Inputs.1.Inputs.3.Inputs.0.Inputs.0.CacheSize, Terrain.Density.Inputs.0.Inputs.1.Inputs.0.CacheSize, Terrain.Density.Inputs.0.Inputs.1.Inputs.1.Inputs.0.Inputs.0.CacheSize
[2026/01/18 16:18:05   WARN]               [HytaleGenerator] Duplicate export name for asset: pattern1
[2026/01/18 16:18:05   WARN]               [HytaleGenerator] Duplicate export name for asset: werstjrtydkm,
[2026/01/18 16:18:05   WARN]         [AssetStore|BiomeAsset] Unused key(s) in 'Example_Fluid' file /Server/HytaleGenerator/Biomes/Examples/Example_Fluid.json: Terrain.Density.Inputs.0.CacheSize, MaterialProvider.Empty.Queue.0.BaseHeight
[2026/01/18 16:18:05   WARN]         [AssetStore|BiomeAsset] Unused key(s) in 'Example_Prop' file /Server/HytaleGenerator/Biomes/Examples/Example_Prop.json: Terrain.Density.Inputs.0.CacheSize
[2026/01/18 16:18:05   WARN]         [AssetStore|BiomeAsset] Unused key(s) in 'Fake3dNoise' file /Server/HytaleGenerator/Biomes/Examples/Fake3dNoise.json: Terrain.Density.Inputs.1.CacheSize, Terrain.Density.Inputs.2.Inputs.1.Inputs.0.Inputs.0.CacheSize, Terrain.Density.Inputs.2.Inputs.1.Inputs.0.Inputs.1.CacheSize, Terrain.Density.Inputs.2.Inputs.1.Inputs.0.Inputs.2.CacheSize, Terrain.Density.Inputs.2.Inputs.1.Inputs.0.Inputs.3.CacheSize, Terrain.Density.Inputs.2.Inputs.1.Inputs.0.Inputs.4.CacheSize, Terrain.Density.Inputs.2.Inputs.1.Inputs.0.Inputs.5.CacheSize
[2026/01/18 16:18:05   WARN]         [AssetStore|BiomeAsset] Unused key(s) in 'Boreal1_Henges' file /Server/HytaleGenerator/Biomes/Boreal1/Boreal1_Henges.json: Terrain.Density.Inputs.0.Inputs.1.Inputs.0.Inputs.0.Inputs.0.Inputs.1.Inputs.0.Inputs.0.Inputs.0.Positions.Positions.OffsetX, Terrain.Density.Inputs.0.Inputs.1.Inputs.0.Inputs.0.Inputs.0.Inputs.1.Inputs.0.Inputs.0.Inputs.0.Positions.Positions.OffsetY, Terrain.Density.Inputs.0.Inputs.1.Inputs.0.Inputs.0.Inputs.0.Inputs.1.Inputs.0.Inputs.0.Inputs.0.Positions.Positions.OffsetZ, Terrain.Density.Inputs.0.Inputs.1.Inputs.0.Inputs.1.Inputs.0.Inputs.1.Inputs.0.Inputs.0.Inputs.0.Inputs.0.Positions.Positions.OffsetX, Terrain.Density.Inputs.0.Inputs.1.Inputs.0.Inputs.1.Inputs.0.Inputs.1.Inputs.0.Inputs.0.Inputs.0.Inputs.0.Positions.Positions.OffsetY, Terrain.Density.Inputs.0.Inputs.1.Inputs.0.Inputs.1.Inputs.0.Inputs.1.Inputs.0.Inputs.0.Inputs.0.Inputs.0.Positions.Positions.OffsetZ
[2026/01/18 16:18:05   WARN]         [AssetStore|BiomeAsset] Unused key(s) in 'Example_Multi_Mixer_Horizontal' file /Server/HytaleGenerator/Biomes/Examples/Example_Multi_Mixer_Horizontal.json: Terrain.Density.Inputs.0.Inputs.0.Inputs.0.Inputs.0.CacheSize, Terrain.Density.Inputs.0.Inputs.0.Inputs.0.Inputs.1.CacheSize, Terrain.Density.Inputs.0.Inputs.0.Inputs.0.Inputs.2.CacheSize, Terrain.Density.Inputs.0.Inputs.0.Inputs.0.Inputs.3.CacheSize
[2026/01/18 16:18:05   WARN]         [AssetStore|BiomeAsset] Unused key(s) in 'CursebreakerKeyartBiome' file /Server/HytaleGenerator/Biomes/Experimental/CursebreakerKeyartBiome.json: Terrain.Density.Inputs.0.Inputs.0.Inputs.0.Inputs.0.Inputs.0.Inputs.0.CacheSize, Terrain.Density.Inputs.0.Inputs.0.Inputs.0.Inputs.1.Inputs.0.Inputs.0.CacheSize, Terrain.Density.Inputs.0.Inputs.0.Inputs.1.Inputs.0.Inputs.0.Inputs.0.Inputs.0.CacheSize, Terrain.Density.Inputs.0.Inputs.1.Inputs.0.Inputs.0.Inputs.0.CacheSize
[2026/01/18 16:18:05 SEVERE]                          [SERR] Reallocate: 131072 to 1179648
[2026/01/18 16:18:05   INFO]               [HytaleGenerator] Exported Scanner asset with name 'BasicForestTreeScanner' with asset id 'null
[2026/01/18 16:18:05   WARN]         [AssetStore|BiomeAsset] Unused key(s) in 'Dunes' file /Server/HytaleGenerator/Biomes/Experimental/Dunes.json: Terrain.Density.Inputs.0.Inputs.0.Inputs.0.Inputs.0.Inputs.0.Inputs.1.Inputs.0.Inputs.0.Inputs.0.CacheSize, Terrain.Density.Inputs.0.Inputs.0.Inputs.0.Inputs.0.Inputs.0.Inputs.1.Inputs.0.Inputs.1.Inputs.0.CacheSize, Terrain.Density.Inputs.0.Inputs.0.Inputs.0.Inputs.1.Inputs.0.Inputs.0.Inputs.0.CacheSize, Terrain.Density.Inputs.0.Inputs.0.Inputs.0.Inputs.1.Inputs.0.Inputs.1.Inputs.0.CacheSize, Terrain.Density.Inputs.0.Inputs.0.Inputs.1.Inputs.0.Inputs.0.Inputs.1.Inputs.0.Inputs.0.Inputs.0.CacheSize, Terrain.Density.Inputs.0.Inputs.0.Inputs.1.Inputs.0.Inputs.0.Inputs.1.Inputs.0.Inputs.1.Inputs.0.CacheSize, Terrain.Density.Inputs.0.Inputs.0.Inputs.1.Inputs.1.Inputs.0.Inputs.0.CacheSize, Terrain.Density.Inputs.0.Inputs.0.Inputs.1.Inputs.1.Inputs.1.Inputs.0.CacheSize, Terrain.Density.Inputs.0.Inputs.1.Inputs.0.Inputs.0.Inputs.0.Inputs.0.CacheSize, Terrain.Density.Inputs.0.Inputs.1.Inputs.1.Inputs.0.CacheSize, MaterialProvider.Solid.Queue.0.FieldFunction.CacheSize
[2026/01/18 16:18:05   WARN]               [HytaleGenerator] Duplicate export name for asset: werstjrtydkm,
[2026/01/18 16:18:05   WARN]               [HytaleGenerator] Duplicate export name for asset: Taiga1_Rewood_Trees_Mask
[2026/01/18 16:18:05   WARN]         [AssetStore|BiomeAsset] Unused key(s) in 'SingleInstance_Test' file /Server/HytaleGenerator/Biomes/Examples/SingleInstance_Test.json: Terrain.Density.Inputs.0.Inputs.1.SingleInstance
[2026/01/18 16:18:05   WARN]               [HytaleGenerator] Duplicate export name for asset: River-Boulders-Mask
[2026/01/18 16:18:05   WARN]               [HytaleGenerator] Duplicate export name for asset: BasicForestTreeScanner
[2026/01/18 16:18:05   INFO]               [HytaleGenerator] Exported Scanner asset with name 'BasicForestTreeScanner' with asset id 'null
[2026/01/18 16:18:05   WARN]         [AssetStore|BiomeAsset] Unused key(s) in 'Example_Multi_Mixer_Curve' file /Server/HytaleGenerator/Biomes/Examples/Example_Multi_Mixer_Curve.json: Terrain.Density.Inputs.0.Inputs.0.Inputs.0.Inputs.0.CacheSize, Terrain.Density.Inputs.0.Inputs.1.Inputs.0.Inputs.0.Inputs.0.Inputs.0.CacheSize, Terrain.Density.Inputs.0.Inputs.1.Inputs.0.Inputs.0.Inputs.0.Inputs.1.CacheSize, Terrain.Density.Inputs.0.Inputs.1.Inputs.0.Inputs.0.Inputs.0.Inputs.2.CacheSize, Terrain.Density.Inputs.0.Inputs.1.Inputs.1.CacheSize, Terrain.Density.Inputs.1.Inputs.0.CacheSize
[2026/01/18 16:18:05   WARN]         [AssetStore|BiomeAsset] Unused key(s) in 'Plains1_Deeproot' file /Server/HytaleGenerator/Biomes/Plains1/Plains1_Deeproot.json: Props.5.Positions.OffsetX, Props.5.Positions.OffsetY, Props.5.Positions.OffsetZ
[2026/01/18 16:18:05   WARN]         [AssetStore|BiomeAsset] Unused key(s) in 'Arches' file /Server/HytaleGenerator/Biomes/Experimental/Arches.json: Terrain.Density.Inputs.0.Inputs.0.Inputs.0.Inputs.0.Inputs.0.CacheSize, Terrain.Density.Inputs.0.Inputs.1.Inputs.0.Inputs.0.Inputs.0.CacheSize, Terrain.Density.Inputs.0.Inputs.1.Inputs.0.Inputs.0.Inputs.0.Inputs.0.ReturnType.Density.CacheSize, Terrain.Density.Inputs.0.Inputs.1.Inputs.0.Inputs.1.Inputs.0.CacheSize, Terrain.Density.Inputs.0.Inputs.1.Inputs.0.Inputs.1.Inputs.0.Inputs.0.ReturnType.Density.Inputs.0.Inputs.0.Inputs.0.CacheSize, Terrain.Density.Inputs.0.Inputs.1.Inputs.0.Inputs.2.Inputs.0.CacheSize
[2026/01/18 16:18:05   WARN]               [HytaleGenerator] Duplicate export name for asset: Desert1_Rivers_Cliffs
[2026/01/18 16:18:05   WARN]               [HytaleGenerator] Duplicate export name for asset: River-Boulders-Mask
[2026/01/18 16:18:05   WARN]               [HytaleGenerator] Duplicate export name for asset: River-Boulders-Mask
[2026/01/18 16:18:05 SEVERE]                          [SERR] Reallocate: 131072 to 1179648
[2026/01/18 16:18:05   WARN]         [AssetStore|BiomeAsset] Unused key(s) in 'Example_Mixer' file /Server/HytaleGenerator/Biomes/Examples/Example_Mixer.json: Terrain.Density.Inputs.0.CacheSize, Terrain.Density.Inputs.1.Inputs.2.Inputs.0.CacheSize
[2026/01/18 16:18:05   WARN]               [HytaleGenerator] Duplicate export name for asset: Plains1-Gorges-BaseTerrain
[2026/01/18 16:18:05   WARN]         [AssetStore|BiomeAsset] Unused key(s) in 'Basic' file /Server/HytaleGenerator/Biomes/Basic.json: Props.0.Assignments.Prop.BoxBlockType
[2026/01/18 16:18:05   WARN]               [HytaleGenerator] Duplicate export name for asset: River-Boulders-Mask
[2026/01/18 16:18:05 SEVERE]                          [SERR] Reallocate: 131072 to 1179648
[2026/01/18 16:18:05   WARN]         [AssetStore|BiomeAsset] Unused key(s) in 'Volcanic1_Jungle' file /Server/HytaleGenerator/Biomes/Volcanic1/Volcanic1_Jungle.json: Props.1.Positions.OffsetX, Props.1.Positions.OffsetY, Props.1.Positions.OffsetZ, Props.2.Positions.OffsetX, Props.2.Positions.OffsetY, Props.2.Positions.OffsetZ, Props.3.Positions.OffsetX, Props.3.Positions.OffsetY, Props.3.Positions.OffsetZ
[2026/01/18 16:18:05   INFO]               [HytaleGenerator] Exported Scanner asset with name 'Desert1_Rocky_Trees_Dry_Scanner' with asset id 'null
[2026/01/18 16:18:05   WARN]               [HytaleGenerator] Duplicate export name for asset: Peak
[2026/01/18 16:18:05   WARN]         [AssetStore|BiomeAsset] Unused key(s) in 'Generative_Buildings' file /Server/HytaleGenerator/Biomes/Generative/Generative_Buildings.json: Terrain.Density.Inputs.1.Inputs.0.Inputs.0.Inputs.0.Inputs.0.Inputs.0.Inputs.0.Inputs.0.Inputs.0.Positions.Positions.Positions.OffsetX, Terrain.Density.Inputs.1.Inputs.0.Inputs.0.Inputs.0.Inputs.0.Inputs.0.Inputs.0.Inputs.0.Inputs.0.Positions.Positions.Positions.OffsetY, Terrain.Density.Inputs.1.Inputs.0.Inputs.0.Inputs.0.Inputs.0.Inputs.0.Inputs.0.Inputs.0.Inputs.0.Positions.Positions.Positions.OffsetZ
[2026/01/18 16:18:05   WARN]               [HytaleGenerator] Duplicate export name for asset: River-Boulders-Mask
[2026/01/18 16:18:05   INFO]               [HytaleGenerator] Exported Scanner asset with name 'Desert1_Rocky_Trees_Palm_Scanner' with asset id 'null
[2026/01/18 16:18:05   WARN]               [HytaleGenerator] Duplicate export name for asset: River-Boulders-Mask
[2026/01/18 16:18:05   WARN]               [HytaleGenerator] Duplicate export name for asset: River-Boulders-Mask
[2026/01/18 16:18:05   WARN]               [HytaleGenerator] Duplicate export name for asset: River-Boulders-Mask
[2026/01/18 16:18:05   WARN]         [AssetStore|BiomeAsset] Unused key(s) in 'Desert1_Oasis' file /Server/HytaleGenerator/Biomes/Desert1/Desert1_Oasis.json: Props.2.Positions.Positions.OffsetX, Props.2.Positions.Positions.OffsetY, Props.2.Positions.Positions.OffsetZ, Props.3.Positions.Positions.OffsetX, Props.3.Positions.Positions.OffsetY, Props.3.Positions.Positions.OffsetZ, Props.4.Positions.Positions.OffsetX, Props.4.Positions.Positions.OffsetY, Props.4.Positions.Positions.OffsetZ, Props.5.Positions.Positions.OffsetX, Props.5.Positions.Positions.OffsetY, Props.5.Positions.Positions.OffsetZ, Props.6.Positions.Positions.OffsetX, Props.6.Positions.Positions.OffsetY, Props.6.Positions.Positions.OffsetZ
[2026/01/18 16:18:05   WARN] [AssetStore|WorldStructureAsset] Unused key(s) in 'Interpolation' file /Server/HytaleGenerator/WorldStructures/Dev/Interpolation.json: BiomeTransitions
[2026/01/18 16:18:05   INFO]              [HytaleGenerator|P] Loaded Settings asset.
[2026/01/18 16:18:05   WARN]                [AssetStore|Item] Failed to validate asset!
Id: Tool_Hatchet_Crude
Path: /Server/Item/Items/Tool/Hatchet/Tool_Hatchet_Crude.json
Key: Recipe
Results:
	WARNING: Bench Requirement in recipe for 'Fieldcraft' should not have a delay (TimeSeconds) set!

[2026/01/18 16:18:05   WARN]                [AssetStore|Item] Failed to validate asset!
Id: Bench_Builders
Path: /Server/Item/Items/Bench/Bench_Builders.json
Key: Recipe
Results:
	WARNING: Bench Requirement in recipe for 'Fieldcraft' should not have a delay (TimeSeconds) set!

[2026/01/18 16:18:05   WARN]                [AssetStore|Item] Failed to validate asset!
Id: Furniture_Crude_Torch
Path: /Server/Item/Items/Furniture/Crude/Unique/Furniture_Crude_Torch.json
Key: Recipe
Results:
	WARNING: Bench Requirement in recipe for 'Fieldcraft' should not have a delay (TimeSeconds) set!

[2026/01/18 16:18:05   WARN]                [AssetStore|Item] Failed to validate asset!
Id: Bench_Campfire
Path: /Server/Item/Items/Bench/Bench_Campfire.json
Key: Recipe
Results:
	WARNING: Bench Requirement in recipe for 'Fieldcraft' should not have a delay (TimeSeconds) set!

[2026/01/18 16:18:05   WARN]                [AssetStore|Item] Failed to validate asset!
Id: Tool_Pickaxe_Crude
Path: /Server/Item/Items/Tool/Pickaxe/Tool_Pickaxe_Crude.json
Key: Recipe
Results:
	WARNING: Bench Requirement in recipe for 'Fieldcraft' should not have a delay (TimeSeconds) set!

[2026/01/18 16:18:05   WARN]                [AssetStore|Item] Failed to validate asset!
Id: Furniture_Crude_Chest_Small
Path: /Server/Item/Items/Furniture/Crude/Furniture_Crude_Chest_Small.json
Key: Recipe
Results:
	WARNING: Bench Requirement in recipe for 'Fieldcraft' should not have a delay (TimeSeconds) set!

[2026/01/18 16:18:05   WARN]                [AssetStore|Item] Failed to validate asset!
Id: Furniture_Crude_Bed
Path: /Server/Item/Items/Furniture/Crude/Furniture_Crude_Bed.json
Key: Recipe
Results:
	WARNING: Bench Requirement in recipe for 'Fieldcraft' should not have a delay (TimeSeconds) set!

[2026/01/18 16:18:05   WARN]                [AssetStore|Item] Failed to validate asset!
Id: Weapon_Sword_Crude
Path: /Server/Item/Items/Weapon/Sword/Weapon_Sword_Crude.json
Key: Recipe
Results:
	WARNING: Bench Requirement in recipe for 'Fieldcraft' should not have a delay (TimeSeconds) set!

[2026/01/18 16:18:05   WARN]                [AssetStore|Item] Failed to find inherited parent asset Template_Crop_Item (BlockType) for Plant_Crop_Pumpkin_Item
[2026/01/18 16:18:05   WARN]           [AssetStore|BlockType] Unused key(s) in '*Prototype_Geyser_State_Definitions_Off': SoundEventId
[2026/01/18 16:18:05   WARN]           [AssetStore|BlockType] Unused key(s) in '*Prototype_Geyser_State_Definitions_On': SoundEventId
[2026/01/18 16:18:05   WARN]         [AssetStore|Interaction] Unused key(s) in '***Teleporter_State_Definitions_Active_Interactions_Use_Interactions_0': Page.WarpNameWordList
[2026/01/18 16:18:06   WARN]         [AssetStore|Interaction] Unused key(s) in '**Portal_Device_Interactions_Use_Interactions_0': Page.Config.GameplayConfig
[2026/01/18 16:18:06   WARN]         [AssetStore|Interaction] Unused key(s) in '**Teleporter_Interactions_Use_Interactions_0': Page.WarpNameWordList
[2026/01/18 16:18:06   WARN]         [AssetStore|Interaction] Unused key(s) in '**Template_Weapon_Crossbow_InteractionVars_Guard_Bash_Interactions_1': Effects, StatModifiers
[2026/01/18 16:18:06   WARN]         [AssetStore|Interaction] Unused key(s) in '**Weapon_Staff_Thorium_InteractionVars_Staff_Cast_Summon_Charged_Interactions_0': Costs
[2026/01/18 16:18:06   WARN]         [AssetStore|Interaction] Unused key(s) in '**Weapon_Staff_Bone_InteractionVars_Staff_Cast_Summon_Charged_Interactions_0': Costs
[2026/01/18 16:18:06   WARN]         [AssetStore|Interaction] Unused key(s) in '**Weapon_Staff_Cane_InteractionVars_Staff_Cast_Summon_Charged_Interactions_0': Costs
[2026/01/18 16:18:06   WARN]         [AssetStore|Interaction] Unused key(s) in '**Weapon_Staff_Copper_InteractionVars_Staff_Cast_Summon_Charged_Interactions_0': Costs
[2026/01/18 16:18:06   WARN]         [AssetStore|Interaction] Unused key(s) in '**Template_Weapon_Shield_InteractionVars_Guard_Bash_Interactions_1': Effects, StatModifiers
[2026/01/18 16:18:06   WARN]         [AssetStore|Interaction] Unused key(s) in '**Weapon_Staff_Onion_InteractionVars_Staff_Cast_Summon_Charged_Interactions_0': Costs
[2026/01/18 16:18:06   WARN]         [AssetStore|Interaction] Unused key(s) in '**Weapon_Staff_Wood_InteractionVars_Staff_Cast_Summon_Charged_Interactions_0': Costs
[2026/01/18 16:18:06   WARN]         [AssetStore|Interaction] Unused key(s) in '**Weapon_Staff_Iron_InteractionVars_Staff_Cast_Summon_Charged_Interactions_0': Costs
[2026/01/18 16:18:06   WARN]         [AssetStore|Interaction] Unused key(s) in '**Halloween_Broomstick_InteractionVars_Staff_Cast_Summon_Charged_Interactions_0': Costs
[2026/01/18 16:18:06   WARN]         [AssetStore|Interaction] Unused key(s) in '**Weapon_Staff_Doomed_InteractionVars_Staff_Cast_Summon_Charged_Interactions_0': Costs
[2026/01/18 16:18:06   WARN]         [AssetStore|Interaction] Unused key(s) in '**Weapon_Staff_Cobalt_InteractionVars_Staff_Cast_Summon_Charged_Interactions_0': Costs
[2026/01/18 16:18:06   WARN]         [AssetStore|Interaction] Unused key(s) in '**Weapon_Staff_Adamantite_InteractionVars_Staff_Cast_Summon_Charged_Interactions_0': Costs
[2026/01/18 16:18:06   WARN]         [AssetStore|Interaction] Unused key(s) in '**Weapon_Staff_Mithril_InteractionVars_Staff_Cast_Summon_Charged_Interactions_0': Costs
[2026/01/18 16:18:06   WARN]         [AssetStore|Interaction] Unused key(s) in '**Weapon_Staff_Bo_Bamboo_InteractionVars_Staff_Cast_Summon_Charged_Interactions_0': Costs
[2026/01/18 16:18:06   WARN]         [AssetStore|Interaction] Unused key(s) in '**Weapon_Staff_Wood_Kweebec_InteractionVars_Staff_Cast_Summon_Charged_Interactions_0': Costs
[2026/01/18 16:18:06   WARN]         [AssetStore|Interaction] Unused key(s) in '**Weapon_Staff_Wood_Rotten_InteractionVars_Staff_Cast_Summon_Charged_Interactions_0': Costs
[2026/01/18 16:18:06   WARN]         [AssetStore|Interaction] Unused key(s) in '**Weapon_Staff_Frost_InteractionVars_Staff_Cast_Summon_Charged_Interactions_0': Costs
[2026/01/18 16:18:06   WARN]         [AssetStore|Interaction] Unused key(s) in '**Weapon_Staff_Crystal_Purple_InteractionVars_Staff_Cast_Summon_Charged_Interactions_0': Costs
[2026/01/18 16:18:06   WARN]         [AssetStore|Interaction] Unused key(s) in '**Weapon_Staff_Crystal_Red_InteractionVars_Staff_Cast_Summon_Charged_Interactions_0': Costs
[2026/01/18 16:18:06   WARN]         [AssetStore|Interaction] Unused key(s) in '**Weapon_Staff_Wizard_InteractionVars_Staff_Cast_Summon_Charged_Interactions_0': Costs
[2026/01/18 16:18:06   WARN]         [AssetStore|Interaction] Unused key(s) in '**Weapon_Staff_Crystal_Fire_Trork_InteractionVars_Staff_Cast_Summon_Charged_Interactions_0': Costs
[2026/01/18 16:18:06   WARN]         [AssetStore|Interaction] Unused key(s) in '**Template_Weapon_Shortbow_InteractionVars_Guard_Bash_Interactions_1': Effects, StatModifiers
[2026/01/18 16:18:06   WARN]         [AssetStore|Interaction] Unused key(s) in '**Weapon_Staff_Bronze_InteractionVars_Staff_Cast_Summon_Charged_Interactions_0': Costs
[2026/01/18 16:18:06   WARN]         [AssetStore|Interaction] Unused key(s) in '**Weapon_Staff_Onyxium_InteractionVars_Staff_Cast_Summon_Charged_Interactions_0': Costs
[2026/01/18 16:18:06   WARN]         [AssetStore|Interaction] Unused key(s) in '**Weapon_Staff_Crystal_Flame_InteractionVars_Fireball_Impact_2_Interactions_0': EntityStatsOnHit
[2026/01/18 16:18:06   WARN]         [AssetStore|Interaction] Unused key(s) in '**Weapon_Staff_Bo_Wood_InteractionVars_Staff_Cast_Summon_Charged_Interactions_0': Costs
[2026/01/18 16:18:06   WARN]         [AssetStore|Interaction] Unused key(s) in '**Weapon_Shield_Copper_InteractionVars_Guard_Bash_Interactions_0': Effects, StatModifiers
[2026/01/18 16:18:06   WARN]         [AssetStore|Interaction] Unused key(s) in '**Weapon_Staff_Crystal_Flame_InteractionVars_Fireball_Impact_3_Interactions_0': EntityStatsOnHit
[2026/01/18 16:18:06   WARN]         [AssetStore|Interaction] Unused key(s) in '***Plant_Seaweed_Grass_Stack_Interactions_Secondary_Interactions_0_Next': Effects
[2026/01/18 16:18:06   WARN]         [AssetStore|Interaction] Unused key(s) in '***Plant_Crop_Mushroom_Glowing_Orange_Interactions_Secondary_Interactions_0_Next': Effects
[2026/01/18 16:18:06   WARN]         [AssetStore|Interaction] Unused key(s) in '***Plant_Crop_Mushroom_Glowing_Purple_Interactions_Secondary_Interactions_0_Next': Effects
[2026/01/18 16:18:06   WARN]         [AssetStore|Interaction] Unused key(s) in '***Plant_Crop_Mushroom_Glowing_Blue_Interactions_Secondary_Interactions_0_Next': Effects
[2026/01/18 16:18:06   WARN]         [AssetStore|Interaction] Unused key(s) in '***Plant_Crop_Mushroom_Glowing_Green_Interactions_Secondary_Interactions_0_Next': Effects
[2026/01/18 16:18:06   WARN]         [AssetStore|Interaction] Unused key(s) in '***Plant_Crop_Mushroom_Glowing_Violet_Interactions_Secondary_Interactions_0_Next': Effects
[2026/01/18 16:18:06   WARN]         [AssetStore|Interaction] Unused key(s) in '***Plant_Crop_Mushroom_Glowing_Red_Interactions_Secondary_Interactions_0_Next': Effects
[2026/01/18 16:18:06   WARN]      [AssetStore|GameplayConfig] Unused key(s) in 'Default' file /Server/GameplayConfigs/Default.json: Ping
[2026/01/18 16:18:06   WARN]      [AssetStore|GameplayConfig] Unused key(s) in 'Default_Instance' file /Server/GameplayConfigs/Default_Instance.json: Death.LoseItems
[2026/01/18 16:18:06   INFO]            [AssetRegistryLoader] Took 1sec 783ms 722us 690ns to load all assets
[2026/01/18 16:18:06   INFO]                         [Hytale] Loading NPC assets phase...
[2026/01/18 16:18:06   INFO]                          [NPC|P] Starting to load NPC builders!
[2026/01/18 16:18:06   WARN]                          [NPC|P] Replacing asset 'Test_Patrol_Path' of file '/Server/NPC/Roles/_Core/Tests_Development/Test_Patrol_Path.json' with other file '/Server/NPC/Roles/_Core/Tests/Paths/Test_Patrol_Path.json'
[2026/01/18 16:18:06   INFO]                          [NPC|P] Validating loaded NPC configurations...
[2026/01/18 16:18:06   WARN]                          [NPC|P] Animation Wave does not exist for model Temple_Mithril_Guard!
[2026/01/18 16:18:06   WARN]                          [NPC|P] Animation Eat does not exist for model Hatworm!
[2026/01/18 16:18:06   WARN]                          [NPC|P] Animation Curious does not exist for model Hatworm!
[2026/01/18 16:18:06   WARN]                          [NPC|P] Animation GreetAnimation does not exist for model Hatworm!
[2026/01/18 16:18:06   WARN]                          [NPC|P] Animation Sleep does not exist for model Wraith_Lantern!
[2026/01/18 16:18:06   WARN]                          [NPC|P] Animation Alerted does not exist for model Wraith_Lantern!
[2026/01/18 16:18:06   WARN]                          [NPC|P] Animation Laydown does not exist for model Wraith_Lantern!
[2026/01/18 16:18:06   WARN]                          [NPC|P] Animation Wake does not exist for model Wraith_Lantern!
[2026/01/18 16:18:06   WARN]                          [NPC|P] Animation Eat does not exist for model Spark_Living!
[2026/01/18 16:18:06   WARN]                          [NPC|P] Animation Curious does not exist for model Spark_Living!
[2026/01/18 16:18:06   WARN]                          [NPC|P] Animation GreetAnimation does not exist for model Spark_Living!
[2026/01/18 16:18:06   WARN]                          [NPC|P] Animation Eat does not exist for model Trillodon!
[2026/01/18 16:18:06   WARN]                          [NPC|P] Animation Curious does not exist for model Trillodon!
[2026/01/18 16:18:06   WARN]                          [NPC|P] Animation GreetAnimation does not exist for model Trillodon!
[2026/01/18 16:18:06   WARN]                          [NPC|P] Animation Wave does not exist for model Frog_Orange!
[2026/01/18 16:18:06   WARN]                          [NPC|P] Animation GreetAnimation does not exist for model Tortoise!
[2026/01/18 16:18:06   WARN]                          [NPC|P] Animation Rally does not exist for model Outlander_Sorcerer!
[2026/01/18 16:18:06   WARN]                          [NPC|P] Animation Sleep does not exist for model Slug_Magma!
[2026/01/18 16:18:06   WARN]                          [NPC|P] Animation Alerted does not exist for model Slug_Magma!
[2026/01/18 16:18:06   WARN]                          [NPC|P] Animation Laydown does not exist for model Slug_Magma!
[2026/01/18 16:18:06   WARN]                          [NPC|P] Animation Wake does not exist for model Slug_Magma!
[2026/01/18 16:18:06   WARN]                          [NPC|P] Animation Leap does not exist for model Goblin_Duke!
[2026/01/18 16:18:06   WARN]                          [NPC|P] Animation Alerted does not exist for model Scarak_Broodmother!
[2026/01/18 16:18:06   WARN]                          [NPC|P] Animation Leap does not exist for model Goblin_Duke!
[2026/01/18 16:18:06   WARN]                          [NPC|P] Animation Leap does not exist for model Goblin_Duke_Large!
[2026/01/18 16:18:06   WARN]                          [NPC|P] Animation Alerted does not exist for model Kweebec_Rootling!
[2026/01/18 16:18:06   WARN]                          [NPC|P] Animation Rally does not exist for model Outlander_Priest!
[2026/01/18 16:18:06   WARN]                          [NPC|P] Animation Alerted does not exist for model Scarak_Broodmother!
[2026/01/18 16:18:06   WARN]                          [NPC|P] Animation Wave does not exist for model Frog_Blue!
[2026/01/18 16:18:06   WARN]                          [NPC|P] Animation Eat does not exist for model Lizard_Sand!
[2026/01/18 16:18:06   WARN]                          [NPC|P] Animation Curious does not exist for model Lizard_Sand!
[2026/01/18 16:18:06   WARN]                          [NPC|P] Animation GreetAnimation does not exist for model Lizard_Sand!
[2026/01/18 16:18:06   WARN]                          [NPC|P] Animation Alerted does not exist for model Scarak_Broodmother!
[2026/01/18 16:18:06   WARN]                          [NPC|P] Animation Sleep does not exist for model Tuluk_Fisherman!
[2026/01/18 16:18:06   WARN]                          [NPC|P] Animation Alerted does not exist for model Tuluk_Fisherman!
[2026/01/18 16:18:06   WARN]                          [NPC|P] Animation Laydown does not exist for model Tuluk_Fisherman!
[2026/01/18 16:18:06   WARN]                          [NPC|P] Animation Wake does not exist for model Tuluk_Fisherman!
[2026/01/18 16:18:06   INFO]                          [NPC|P] Validation complete.
[2026/01/18 16:18:06   INFO]                          [NPC|P] Loaded 895 NPC configurations, Test: 243, Component: 143, Abstract: 50, Variant: 417, Generic: 44
[2026/01/18 16:18:06   INFO]                         [Hytale] Loading NPC assets phase completed! Boot time 5sec 377ms 907us 423ns, Took 750ms 362us 676ns
[2026/01/18 16:18:06   INFO]                         [Hytale] Validating Spawn assets phase...
[2026/01/18 16:18:06   INFO]                         [Hytale] Spawn assets validation phase completed! Boot time 5sec 378ms 607us 41ns, Took 640us 402ns
[2026/01/18 16:18:06   INFO]                   [I18nModule|P] Loaded 7639 entries for 'en-US' from /Server/Languages
[2026/01/18 16:18:06   INFO]                   [I18nModule|P] Loaded 51 entries from /Server/Languages/fallback.lang
[2026/01/18 16:18:06   INFO]                   [HytaleServer] Starting plugin manager...
[2026/01/18 16:18:06   INFO]                  [PluginManager] Enabled plugin Hytale:WorldLocationCondition
[2026/01/18 16:18:06   INFO]                  [PluginManager] Enabled plugin Hytale:ServerManager
[2026/01/18 16:18:06   INFO]                  [PluginManager] Enabled plugin Hytale:SprintForce
[2026/01/18 16:18:06   INFO]                  [PluginManager] Enabled plugin Hytale:MigrationModule
[2026/01/18 16:18:06   INFO]                  [PluginManager] Enabled plugin Hytale:AssetModule
[2026/01/18 16:18:06   INFO]                  [PluginManager] Enabled plugin Hytale:ConsoleModule
[2026/01/18 16:18:06   INFO]                  [PluginManager] Enabled plugin Hytale:TimeModule
[2026/01/18 16:18:06   INFO]                  [PluginManager] Enabled plugin Hytale:CollisionModule
[2026/01/18 16:18:06   INFO]                  [PluginManager] Enabled plugin Hytale:DebugPlugin
[2026/01/18 16:18:06   INFO]                  [PluginManager] Enabled plugin Hytale:SplitVelocity
[2026/01/18 16:18:06   INFO]                  [PluginManager] Enabled plugin Hytale:Model
[2026/01/18 16:18:06   INFO]                  [PluginManager] Enabled plugin Hytale:CrouchSlide
[2026/01/18 16:18:06   WARN]   [io.netty.bootstrap.Bootstrap] Unknown channel option 'IP_DONTFRAGMENT' for channel '[id: 0xbe733ff3]' of type 'class io.netty.channel.epoll.EpollDatagramChannel'
[2026/01/18 16:18:06   INFO]                [ServerManager|P] Listening on /[0:0:0:0:0:0:0:0]:5520 and took 1ms 505us 671ns
[2026/01/18 16:18:06   WARN]   [io.netty.bootstrap.Bootstrap] Unknown channel option 'IP_DONTFRAGMENT' for channel '[id: 0x1e624476]' of type 'class io.netty.channel.epoll.EpollDatagramChannel'
[2026/01/18 16:18:06   INFO]                [ServerManager|P] Listening on /0.0.0.0:5520 and took 351us 575ns
[2026/01/18 16:18:06   WARN]   [io.netty.bootstrap.Bootstrap] Unknown channel option 'IP_DONTFRAGMENT' for channel '[id: 0xfb05e77f]' of type 'class io.netty.channel.epoll.EpollDatagramChannel'
[2026/01/18 16:18:06   INFO]                [ServerManager|P] Listening on /[0:0:0:0:0:0:0:1]:5520 and took 377us 41ns
[2026/01/18 16:18:06   INFO]                  [PluginManager] Enabled plugin Hytale:Universe
[2026/01/18 16:18:06   INFO]                  [PluginManager] Enabled plugin Hytale:TagSet
[2026/01/18 16:18:06   INFO]                  [PluginManager] Enabled plugin Hytale:AccessControlModule
[2026/01/18 16:18:06   INFO]                  [PluginManager] Enabled plugin Hytale:CommandMacro
[2026/01/18 16:18:06   INFO]                  [PluginManager] Enabled plugin Hytale:SafetyRoll
[2026/01/18 16:18:06   INFO]                  [PluginManager] Enabled plugin Hytale:HytaleGenerator
[2026/01/18 16:18:06   INFO]                  [PluginManager] Enabled plugin Hytale:ItemModule
[2026/01/18 16:18:06   INFO]                  [PluginManager] Enabled plugin Hytale:CommonAssetModule
[2026/01/18 16:18:06   INFO]                  [PluginManager] Enabled plugin Hytale:CosmeticsModule
[2026/01/18 16:18:06   INFO]                  [PluginManager] Enabled plugin Hytale:I18nModule
[2026/01/18 16:18:06   INFO]                  [PluginManager] Enabled plugin Hytale:LegacyModule
[2026/01/18 16:18:06   INFO]                  [PluginManager] Enabled plugin Hytale:LANDiscovery
[2026/01/18 16:18:06   INFO]                  [PluginManager] Enabled plugin Hytale:Mantling
[2026/01/18 16:18:06   INFO]                  [PluginManager] Enabled plugin Hytale:PermissionsModule
[2026/01/18 16:18:06   INFO]                  [PluginManager] Enabled plugin Hytale:Deployables
[2026/01/18 16:18:06   INFO]                  [PluginManager] Enabled plugin Hytale:BlockSetModule
[2026/01/18 16:18:06   INFO]                  [PluginManager] Enabled plugin Hytale:FlyCameraModule
[2026/01/18 16:18:06   INFO]                  [PluginManager] Enabled plugin Hytale:EntityModule
[2026/01/18 16:18:06   INFO]                  [PluginManager] Enabled plugin Hytale:BlockTick
[2026/01/18 16:18:06   INFO]                  [PluginManager] Enabled plugin Hytale:BlockHealthModule
[2026/01/18 16:18:06   INFO]                  [PluginManager] Enabled plugin Hytale:InteractionModule
[2026/01/18 16:18:06   INFO]                  [PluginManager] Enabled plugin Hytale:ServerPlayerListModule
[2026/01/18 16:18:06   INFO]                  [PluginManager] Enabled plugin Hytale:ConnectedBlocksModule
[2026/01/18 16:18:06   INFO]                  [PluginManager] Enabled plugin Hytale:BlockTypeModule
[2026/01/18 16:18:06   INFO]                  [PluginManager] Enabled plugin Hytale:BlockModule
[2026/01/18 16:18:06   INFO]                  [PluginManager] Enabled plugin Hytale:Weather
[2026/01/18 16:18:06   INFO]                  [World|default] Loading world 'default' with generator type: 'HytaleWorldGenProvider{name='Default', path='null'}' and chunk storage: 'DefaultChunkStorageProvider{DEFAULT=IndexedStorageChunkStorageProvider{}}'...
[2026/01/18 16:18:06   INFO]                  [PluginManager] Enabled plugin Hytale:Reputation
[2026/01/18 16:18:06   INFO]                  [PluginManager] Enabled plugin Hytale:Parkour
[2026/01/18 16:18:06   INFO]                  [PluginManager] Enabled plugin Hytale:ProjectileModule
[2026/01/18 16:18:06   INFO]                  [PluginManager] Enabled plugin Hytale:Teleport
[2026/01/18 16:18:06   INFO]                  [PluginManager] Enabled plugin Hytale:WorldGen
[2026/01/18 16:18:06   INFO]                  [PluginManager] Enabled plugin Hytale:BlockStateModule
[2026/01/18 16:18:06   INFO]                  [PluginManager] Enabled plugin Hytale:AssetEditor
[2026/01/18 16:18:06   INFO]                  [PluginManager] Enabled plugin Hytale:Ambience
[2026/01/18 16:18:06   INFO]                  [PluginManager] Enabled plugin Hytale:Teleporter
[2026/01/18 16:18:06   INFO]                  [PluginManager] Enabled plugin Hytale:BlockPhysics
[2026/01/18 16:18:06   INFO]                  [PluginManager] Enabled plugin Hytale:BuilderTools
[2026/01/18 16:18:06   INFO]                  [PluginManager] Enabled plugin Hytale:Farming
[2026/01/18 16:18:06   INFO]                  [PluginManager] Enabled plugin Hytale:Fluid
[2026/01/18 16:18:06   INFO]                [BarterShopState] Loaded barter shop state with 0 shops
[2026/01/18 16:18:06   INFO]                         [Shop|P] Barter shop state initialized
[2026/01/18 16:18:06   INFO]                  [PluginManager] Enabled plugin Hytale:Shop
[2026/01/18 16:18:06   INFO]                  [PluginManager] Enabled plugin Hytale:Crafting
[2026/01/18 16:18:06   INFO]                  [PluginManager] Enabled plugin Hytale:SingleplayerModule
[2026/01/18 16:18:06   INFO]                  [PluginManager] Enabled plugin Hytale:ShopReputation
[2026/01/18 16:18:06   INFO]                  [PluginManager] Enabled plugin Hytale:EntityStatsModule
[2026/01/18 16:18:06   INFO]                  [PluginManager] Enabled plugin Hytale:BlockSpawner
[2026/01/18 16:18:06   INFO]                  [PluginManager] Enabled plugin Hytale:PrefabSpawnerModule
[2026/01/18 16:18:06   INFO]                  [PluginManager] Enabled plugin Hytale:Instances
[2026/01/18 16:18:06   INFO]                  [PluginManager] Enabled plugin Hytale:Objectives
[2026/01/18 16:18:06   INFO]                  [PluginManager] Enabled plugin Hytale:Path
[2026/01/18 16:18:06   INFO]                  [PluginManager] Enabled plugin Hytale:EntityUIModule
[2026/01/18 16:18:06   INFO]                  [PluginManager] Enabled plugin Hytale:Stash
[2026/01/18 16:18:06   INFO]                  [PluginManager] Enabled plugin Hytale:StaminaModule
[2026/01/18 16:18:06   INFO]                  [PluginManager] Enabled plugin Hytale:ObjectiveShop
[2026/01/18 16:18:06   INFO]                  [PluginManager] Enabled plugin Hytale:ObjectiveReputation
[2026/01/18 16:18:06   INFO]                  [PluginManager] Enabled plugin Hytale:CreativeHub
[2026/01/18 16:18:06   INFO]                  [PluginManager] Enabled plugin Hytale:DamageModule
[2026/01/18 16:18:06   INFO]                  [PluginManager] Enabled plugin Hytale:Camera
[2026/01/18 16:18:06   INFO]                  [PluginManager] Enabled plugin Hytale:NPC
[2026/01/18 16:18:06   INFO]                  [PluginManager] Enabled plugin Hytale:Mounts
[2026/01/18 16:18:06   INFO]                  [PluginManager] Enabled plugin Hytale:Flock
[2026/01/18 16:18:06   INFO]                  [PluginManager] Enabled plugin Hytale:NPCEditor
[2026/01/18 16:18:06   INFO]                  [World|default] Added world 'default' - Seed: 1768751806259, GameTime: 0001-01-01T08:06:06.263318211Z
[2026/01/18 16:18:06   INFO]                  [PluginManager] Enabled plugin Hytale:Memories
[2026/01/18 16:18:06   INFO]                  [PluginManager] Enabled plugin Hytale:NPCShop
[2026/01/18 16:18:06   INFO]                  [PluginManager] Enabled plugin Hytale:Beds
[2026/01/18 16:18:06   INFO]                  [PluginManager] Enabled plugin Hytale:Portals
[2026/01/18 16:18:06   INFO]                  [PluginManager] Enabled plugin Hytale:NPCCombatActionEvaluator
[2026/01/18 16:18:06   INFO]                  [PluginManager] Enabled plugin Hytale:NPCReputation
[2026/01/18 16:18:06   INFO]                     [Spawning|P] Successfully set up 96 world spawn configurations
[2026/01/18 16:18:06   INFO]                     [Spawning|P] Successfully set up 75 beacon spawn configurations
[2026/01/18 16:18:06   INFO]                  [PluginManager] Enabled plugin Hytale:Spawning
[2026/01/18 16:18:06   INFO]                  [PluginManager] Enabled plugin Hytale:NPCObjectives
[2026/01/18 16:18:06   INFO]                   [HytaleServer] Plugin manager started! Startup time so far: 5sec 422ms 579us 470ns
[2026/01/18 16:18:06   INFO]                   [HytaleServer] Getting Hytale Universe ready...
[2026/01/18 16:18:07   INFO]                 [WorldGenerator] Set prefab-store to: ASSETS
[2026/01/18 16:18:07   INFO]                 [WorldGenerator] Initialized ChunkGenerator-0 executor
[2026/01/18 16:18:07   INFO]                 [WorldGenerator] Found location for unique zone 'Zone1_Spawn' -> Position: {894, 96}, Score: 93.60%, Time: 2ms
[2026/01/18 16:18:07   INFO]                 [WorldGenerator] Found location for unique zone 'Zone1_Temple' -> Position: {1124, 193}, Score: 88.25%, Time: 1ms
[2026/01/18 16:18:07   INFO]                [World|default|M] Initializing world map generator: com.hypixel.hytale.server.worldgen.map.GeneratorChunkWorldMap@47b6f71d
[2026/01/18 16:18:07   INFO]                [World|default|M] Generating Points of Interest...
[2026/01/18 16:18:07   INFO]                [World|default|M] Finished Generating Points of Interest!
[2026/01/18 16:18:07   INFO]                     [Teleport|P] Loaded 0 warps (No warps.json found)
[2026/01/18 16:18:07   INFO]                   [HytaleServer] Universe ready!
[2026/01/18 16:18:07   INFO]                  [AssetModule|P] Total Loaded Assets: Interaction: 7125, RootInteraction: 5339, BlockType: 3947, Item: 3011, CraftingRecipe: 1612, ParticleSpawner: 1584, SoundEvent: 1156, ItemDropList: 741, ParticleSystem: 535, ModelAsset: 433, SpawnMarker: 243, BlockBoundingBoxes: 234, Condition: 228, ItemPlayerAnimations: 183, EntityEffect: 175, AmbienceFX: 167, TagPattern: 126, ResourceType: 124, Environment: 114, AssignmentsAsset: 111, ProjectileConfig: 111, WorldNPCSpawn: 96, AudioCategory: 93, CombatActionOption: 87, Weather: 86, Projectile: 86, PrefabListAsset: 77, BeaconNPCSpawn: 75, NPCGroup: 71, BiomeAsset: 67, Trail: 59, FlockAsset: 58, BlockSet: 55, BlockSoundSet: 53, CameraEffect: 49, CameraShake: 49, BalanceAsset: 48, BlockSpawnerTable: 46, BlockGroup: 43, ScriptedBrushAsset: 37, ItemSoundSet: 36, ModelVFX: 33, BlockParticleSet: 30, AttitudeGroup: 27, ReverbEffect: 22, Fluid: 15, DamageCause: 15, EntityStatType: 13, ViewBobbing: 12, WorldStructureAsset: 12, ItemQuality: 12, BlockTypeListAsset: 12, ResponseCurve: 12, ObjectiveAsset: 12, CustomConnectedBlockTemplateAsset: 11, BlockMigration: 10, DensityAsset: 9, MacroCommandBuilder: 8, ItemToolSpec: 7, PortalType: 5, GameplayConfig: 5, FluidFX: 5, ItemCategory: 4, BlockBreakingDecal: 4, ObjectiveLocationMarkerAsset: 4, GrowthModifierAsset: 4, SpawnSuppression: 3, ItemReticleConfig: 3, EqualizerEffect: 3, UnarmedInteractions: 3, MovementConfig: 3, RepulsionConfig: 2, ObjectiveLineAsset: 2, GameModeType: 2, BarterShopAsset: 2, SoundSet: 2, HitboxCollisionConfig: 2, EntityUIComponent: 2, SettingsAsset: 1, FarmingCoopAsset: 1, BuilderToolItemReferenceAsset: 1, FieldcraftCategory: 1, PrefabEditorCreationSettings: 1, ReachLocationMarkerAsset: 1, WordList: 1, ItemAttitudeGroup: 1, ShopAsset: 0, ReputationGroup: 0, DeployableSpawner: 0, ReputationRank: 0, BlockMaskAsset: 0
[2026/01/18 16:18:07   INFO]                   [HytaleServer] ===============================================================================================
[2026/01/18 16:18:07   INFO]                   [HytaleServer]          Hytale Server Booted! [Multiplayer] took 6sec 119ms 684us 291ns
[2026/01/18 16:18:07   INFO]                   [HytaleServer] ===============================================================================================
[2026/01/18 16:18:07   WARN]                   [HytaleServer] No server tokens configured. Use /auth login to authenticate.
[2026/01/18 16:18:13   INFO]                 [CommandManager] Console executed command: auth login device
Starting OAuth2 device flow. Check console for verification URL.
[2026/01/18 16:18:13   INFO]                [AbstractCommand] ===================================================================
[2026/01/18 16:18:13   INFO]                [AbstractCommand] DEVICE AUTHORIZATION
[2026/01/18 16:18:13   INFO]                [AbstractCommand] ===================================================================
[2026/01/18 16:18:13   INFO]                [AbstractCommand] Visit: https://oauth.accounts.hytale.com/oauth2/device/verify
[2026/01/18 16:18:13   INFO]                [AbstractCommand] Enter code: HUTTyPtF
[2026/01/18 16:18:13   INFO]                [AbstractCommand] Or visit: https://oauth.accounts.hytale.com/oauth2/device/verify?user_code=HUTTyPtF
[2026/01/18 16:18:13   INFO]                [AbstractCommand] ===================================================================
[2026/01/18 16:18:13   INFO]                [AbstractCommand] Waiting for authorization (expires in 600 seconds)...
[2026/01/18 16:18:44   INFO]           [SessionServiceClient] Session Service client initialized for: https://sessions.hytale.com
[2026/01/18 16:18:44   INFO]           [SessionServiceClient] Fetching game profiles...
[2026/01/18 16:18:44   INFO]           [SessionServiceClient] Found 1 game profile(s)
[2026/01/18 16:18:44   INFO]              [ServerAuthManager] Auto-selected profile: nikmorking (ababde7f-bafc-4827-b074-009e9ccd6b02)
[2026/01/18 16:18:44   INFO]           [SessionServiceClient] Creating game session...
[2026/01/18 16:18:44   INFO]           [SessionServiceClient] Successfully created game session
[2026/01/18 16:18:44   INFO]              [ServerAuthManager] Token refresh scheduled in 3300 seconds
[2026/01/18 16:18:44   INFO]              [ServerAuthManager] Authentication successful! Mode: OAUTH_DEVICE
Authentication successful! Use '/auth status' to view details.
WARNING: Credentials stored in memory only - they will be lost on restart!
To persist credentials, run: /auth persistence <type>
Available types: Memory, Encrypted
[2026/01/18 16:19:23   INFO]                  [QUICTransport] Received connection from QuicConnectionAddress{connId=} (/[0:0:0:0:0:0:0:1%0]:41548) to QuicConnectionAddress{connId=6a5dc454c38dc1ca7115eba5bc21654c46516f19} (/[0:0:0:0:0:0:0:1]:5520)
[2026/01/18 16:19:23   INFO]                         [Hytale] Received stream QuicConnectionAddress{connId=6a5dc454c38dc1ca7115eba5bc21654c46516f19} (/[0:0:0:0:0:0:0:1%0]:41548, streamId=0) to QuicConnectionAddress{connId=6a5dc454c38dc1ca7115eba5bc21654c46516f19} (/[0:0:0:0:0:0:0:1]:5520, streamId=0)
[2026/01/18 16:19:23 FINEST]                    [LoginTiming] setTimeout-initial
[2026/01/18 16:19:23   FINE]                    [LoginTiming] Registered took 538us 59ns
[2026/01/18 16:19:23   FINE]                    [LoginTiming] Connect took 67ms 265us 681ns
[2026/01/18 16:19:23   INFO]                         [Hytale] Starting authenticated flow for nikmorking (ababde7f-bafc-4827-b074-009e9ccd6b02) from QuicConnectionAddress{connId=6a5dc454c38dc1ca7115eba5bc21654c46516f19} (/[0:0:0:0:0:0:0:1%0]:41548, streamId=0)
[2026/01/18 16:19:23   INFO]           [SessionServiceClient] Session Service client initialized for: https://sessions.hytale.com
[2026/01/18 16:19:24   INFO]           [SessionServiceClient] Successfully fetched JWKS with 1 keys
[2026/01/18 16:19:24   INFO]                   [JWTValidator] JWKS loaded with 1 keys
[2026/01/18 16:19:24   INFO]                   [JWTValidator] Identity token validated successfully for user null (UUID: ababde7f-bafc-4827-b074-009e9ccd6b02)
[2026/01/18 16:19:24   INFO]               [HandshakeHandler] Identity token validated for nikmorking (UUID: ababde7f-bafc-4827-b074-009e9ccd6b02, scope: hytale:client) from QuicConnectionAddress{connId=6a5dc454c38dc1ca7115eba5bc21654c46516f19} (/[0:0:0:0:0:0:0:1%0]:41548, streamId=0), requesting auth grant
[2026/01/18 16:19:24 FINEST]                    [LoginTiming] setTimeout-auth-grant-timeout took 436ms 924us 460ns
[2026/01/18 16:19:24   INFO]           [SessionServiceClient] Requesting authorization grant with identity token, aud='4d67c475-eee4-4e71-9d89-5279a9ab1a6d'
[2026/01/18 16:19:24   INFO]           [SessionServiceClient] Successfully obtained authorization grant
[2026/01/18 16:19:24   INFO]               [HandshakeHandler] Sending AuthGrant to QuicConnectionAddress{connId=6a5dc454c38dc1ca7115eba5bc21654c46516f19} (/[0:0:0:0:0:0:0:1%0]:41548, streamId=0) (with server identity: true)
[2026/01/18 16:19:24 FINEST]                    [LoginTiming] setTimeout-auth-token-timeout took 273ms 306us 956ns
[2026/01/18 16:19:25   INFO]               [HandshakeHandler] Received AuthToken from QuicConnectionAddress{connId=6a5dc454c38dc1ca7115eba5bc21654c46516f19} (/[0:0:0:0:0:0:0:1%0]:41548, streamId=0), validating JWT (mTLS cert present: true, server auth grant: true)
[2026/01/18 16:19:25   INFO]                [CertificateUtil] Certificate binding validated successfully
[2026/01/18 16:19:25   INFO]                   [JWTValidator] JWT validated successfully for user nikmorking (UUID: ababde7f-bafc-4827-b074-009e9ccd6b02)
[2026/01/18 16:19:25 FINEST]                    [LoginTiming] setTimeout-server-token-exchange-timeout took 613ms 509us 958ns
[2026/01/18 16:19:25   INFO]           [SessionServiceClient] Exchanging authorization grant for access token
[2026/01/18 16:19:25   INFO]           [SessionServiceClient] Successfully obtained access token
[2026/01/18 16:19:25   INFO]               [HandshakeHandler] Sending ServerAuthToken to QuicConnectionAddress{connId=6a5dc454c38dc1ca7115eba5bc21654c46516f19} (/[0:0:0:0:0:0:0:1%0]:41548, streamId=0) (with password challenge: false)
[2026/01/18 16:19:25   INFO]               [HandshakeHandler] Mutual authentication complete for nikmorking (ababde7f-bafc-4827-b074-009e9ccd6b02) from QuicConnectionAddress{connId=6a5dc454c38dc1ca7115eba5bc21654c46516f19} (/[0:0:0:0:0:0:0:1%0]:41548, streamId=0)
[2026/01/18 16:19:25   FINE]                    [LoginTiming] Authenticated took 206ms 975us 493ns
[2026/01/18 16:19:25   INFO]          [PasswordPacketHandler] Connection complete for nikmorking (ababde7f-bafc-4827-b074-009e9ccd6b02), transitioning to setup
[2026/01/18 16:19:25 FINEST]                    [LoginTiming] setTimeout-send-world-settings took 744us 3ns
[2026/01/18 16:19:25   FINE]                    [LoginTiming] Load Player Config took 552us 253ns
[2026/01/18 16:19:25 FINEST]                    [LoginTiming] setTimeout-receive-assets-request took 35ms 159us 842ns
[2026/01/18 16:19:25   FINE]                    [LoginTiming] Request Assets took 67ms 29us 919ns
[2026/01/18 16:19:25 FINEST]                    [LoginTiming] setTimeout-send-assets took 697us 375ns
[2026/01/18 16:19:25   FINE]                    [LoginTiming] Send Common Assets took 265us 7ns
[2026/01/18 16:19:25   WARN]                         [Hytale] Missing interaction Effect
[2026/01/18 16:19:25   FINE]                    [LoginTiming] Send Config Assets took 216ms 355us 795ns
[2026/01/18 16:19:26   FINE]                    [LoginTiming] Player Options took 587ms 676us 277ns
[2026/01/18 16:19:26   INFO]                     [Universe|P] Adding player 'nikmorking (ababde7f-bafc-4827-b074-009e9ccd6b02)
[2026/01/18 16:19:26 FINEST]                    [LoginTiming] Load Player Config took 6ms 667us 43ns
[2026/01/18 16:19:26 FINEST]                    [LoginTiming] Processed Referral took 833us 552ns
[2026/01/18 16:19:26   WARN]                         [Hytale] {Playing(QuicConnectionAddress{connId=6a5dc454c38dc1ca7115eba5bc21654c46516f19} (/[0:0:0:0:0:0:0:1%0]:41548, streamId=0)), ababde7f-bafc-4827-b074-009e9ccd6b02, nikmorking} Added future for ClientReady packet?
[2026/01/18 16:19:26   INFO]                  [World|default] Adding player 'nikmorking' to world 'default' at location null (ababde7f-bafc-4827-b074-009e9ccd6b02)
[2026/01/18 16:19:26   INFO]                         [Hytale] {Playing(QuicConnectionAddress{connId=6a5dc454c38dc1ca7115eba5bc21654c46516f19} (/[0:0:0:0:0:0:0:1%0]:41548, streamId=0)), ababde7f-bafc-4827-b074-009e9ccd6b02, nikmorking}: Sent com.hypixel.hytale.protocol.packets.player.JoinWorld@827dad05
[2026/01/18 16:19:26 FINEST]                    [LoginTiming] setTimeout-add-to-universe took 4ms 540us 401ns
[2026/01/18 16:19:26   WARN]                         [Hytale] {Playing(QuicConnectionAddress{connId=6a5dc454c38dc1ca7115eba5bc21654c46516f19} (/[0:0:0:0:0:0:0:1%0]:41548, streamId=0)), ababde7f-bafc-4827-b074-009e9ccd6b02, nikmorking}: Received com.hypixel.hytale.protocol.packets.player.ClientReady@9da7
[2026/01/18 16:19:26   INFO]                         [Entity] Assigning default gamemode Adventure to player!
[2026/01/18 16:19:26   INFO]                  [World|default] Player 'nikmorking' joined world 'default' at location Vector3d{x=879.5, y=121.10000002384186, z=98.5} (ababde7f-bafc-4827-b074-009e9ccd6b02)
[2026/01/18 16:19:26 FINEST]                    [LoginTiming] Add to World took 557ms 386us 613ns
[2026/01/18 16:19:26   FINE]                    [LoginTiming] Add To Universe took 76us 466ns
[2026/01/18 16:19:26   INFO]                [WorldMapTracker] Started Generating Map!
[2026/01/18 16:19:26   WARN]                         [Entity] getPositionComponent called async [CONTEXT ratelimit_period="5 MINUTES" ]
java.lang.Throwable
	at com.hypixel.hytale.server.core.entity.Entity.getTransformComponent(Entity.java:278)
	at com.hypixel.hytale.server.core.universe.world.WorldMapTracker.tick(WorldMapTracker.java:151)
	at com.hypixel.hytale.server.core.universe.world.worldmap.WorldMapManager.tick(WorldMapManager.java:149)
	at com.hypixel.hytale.server.core.util.thread.TickingThread.run(TickingThread.java:89)
	at java.base/java.lang.Thread.run(Thread.java:1474)

[2026/01/18 16:19:27 SEVERE]                  [World|default] Took too long to run pre-load process hook for chunk: 47ms 380us 695ns > TICK_STEP, Has GC Run: true, WorldChunk{x=27, z=2, flags=00000000000000000000000000000100}, Hook: com.hypixel.hytale.server.core.modules.block.BlockModule$$Lambda/0x000000007397b888@408b2ae2
[2026/01/18 16:19:27 SEVERE]                  [World|default] Took too long to run pre-load process hook for chunk: 44ms 504us 16ns > TICK_STEP, Has GC Run: true, WorldChunk{x=29, z=2, flags=00000000000000000000000000000100}, Hook: com.hypixel.hytale.server.core.modules.block.BlockModule$$Lambda/0x000000007397b888@408b2ae2
[2026/01/18 16:19:27 SEVERE]                  [World|default] Took too long to run pre-load process hook for chunk: 71ms 766us 239ns > TICK_STEP, WorldChunk{x=26, z=3, flags=00000000000000000000000000000100}, Hook: com.hypixel.hytale.server.core.modules.block.BlockModule$$Lambda/0x000000007397b888@408b2ae2
[2026/01/18 16:19:27 SEVERE]                  [World|default] Took too long to run pre-load process hook for chunk: 76ms 953us 431ns > TICK_STEP, WorldChunk{x=28, z=2, flags=00000000000000000000000000000100}, Hook: com.hypixel.hytale.server.core.modules.block.BlockModule$$Lambda/0x000000007397b888@408b2ae2
[2026/01/18 16:19:27 SEVERE]                  [World|default] Took too long to run pre-load process hook for chunk: 52ms 409us 574ns > TICK_STEP, WorldChunk{x=28, z=4, flags=00000000000000000000000000000100}, Hook: com.hypixel.hytale.server.core.modules.block.BlockModule$$Lambda/0x000000007397b888@408b2ae2
[2026/01/18 16:19:27 SEVERE]                  [World|default] Took too long to run pre-load process hook for chunk: 53ms 437us 691ns > TICK_STEP, WorldChunk{x=28, z=3, flags=00000000000000000000000000000100}, Hook: com.hypixel.hytale.server.core.modules.block.BlockModule$$Lambda/0x000000007397b888@408b2ae2
[2026/01/18 16:19:27 SEVERE]                  [World|default] Took too long to run pre-load process hook for chunk: 55ms 632us 989ns > TICK_STEP, WorldChunk{x=29, z=3, flags=00000000000000000000000000000100}, Hook: com.hypixel.hytale.server.core.modules.block.BlockModule$$Lambda/0x000000007397b888@408b2ae2
[2026/01/18 16:19:27 SEVERE]                  [World|default] Took too long to run pre-load process hook for chunk: 72ms 748us 288ns > TICK_STEP, WorldChunk{x=26, z=2, flags=00000000000000000000000000000100}, Hook: com.hypixel.hytale.server.core.modules.block.BlockModule$$Lambda/0x000000007397b888@408b2ae2
[2026/01/18 16:19:27 SEVERE]                  [World|default] Took too long to run pre-load process hook for chunk: 52ms 162us 244ns > TICK_STEP, WorldChunk{x=29, z=4, flags=00000000000000000000000000000100}, Hook: com.hypixel.hytale.server.core.modules.block.BlockModule$$Lambda/0x000000007397b888@408b2ae2
[2026/01/18 16:19:27   WARN]                     [Spawning|P] Marker d5c18980-24a9-35bf-9a21-524aa5e5c29a at Vector3d{x=910.5942376953121, y=36.81916809082031, z=116.08096311035158} removed due to repeated spawning fails of Golem_Firesteel with reason: TOO_HIGH
[2026/01/18 16:19:27   WARN]                     [Spawning|P] Marker 55b6047f-67ac-3394-84b1-37d97bbb14fe at Vector3d{x=862.4944915771484, y=42.0, z=64.09778785705566} removed due to repeated spawning fails of Skeleton_Incandescent_Mage with reason: TOO_HIGH
[2026/01/18 16:19:28   WARN]                     [Spawning|P] Marker 1bf4ea45-65f5-3d03-a6dc-66d95cfef714 at Vector3d{x=814.9205055236816, y=37.0, z=100.01558113098145} removed due to repeated spawning fails of Golem_Firesteel with reason: TOO_HIGH
[2026/01/18 16:19:29   WARN]                     [Spawning|P] Marker 049f54f4-c361-381f-8775-85cd95eaa4e3 at Vector3d{x=879.9618377685547, y=37.0, z=-39.931785583496094} removed due to repeated spawning fails of Skeleton_Incandescent_Fighter with reason: TOO_HIGH
[2026/01/18 16:19:29   WARN]                     [Spawning|P] Marker 528d2803-deab-3172-8ddf-0c2cce66d51f at Vector3d{x=862.7860565185547, y=42.0, z=-26.101703643798828} removed due to repeated spawning fails of Skeleton_Incandescent_Mage with reason: TOO_HIGH
[2026/01/18 16:19:29   WARN]                     [Spawning|P] Marker a41671cb-e408-3422-b964-9285538a31f4 at Vector3d{x=1022.8570098876953, y=37.0, z=49.028770446777344} removed due to repeated spawning fails of Skeleton_Incandescent_Fighter with reason: NO_ROOM
[2026/01/18 16:19:29   WARN]                     [Spawning|P] Marker 3e95e051-239c-372a-8e02-4add52f79c28 at Vector3d{x=999.4763031005859, y=64.0, z=155.1630153656006} removed due to repeated spawning fails of Goblin_Miner with reason: NO_ROOM
[2026/01/18 16:19:29   WARN]                     [Spawning|P] Marker b596c32f-deb7-3785-841c-d0fc7f1be1db at Vector3d{x=743.789169128418, y=48.00177083740229, z=72.07406027832033} removed due to repeated spawning fails of Goblin_Scrapper with reason: TOO_HIGH
[2026/01/18 16:19:30 SEVERE]                     [ChunkStore] Took too long to post-load process chunk: 39ms 894us 7ns > TICK_STEP, Has GC Run: true, WorldChunk{x=33, z=11, flags=00000000000000000000000000000111}
[2026/01/18 16:19:30   WARN]                  [World|default] Task took 40ms 557us 577ns ns: java.util.concurrent.CompletableFuture$UniApply@3025150c
[2026/01/18 16:19:30   WARN]                     [Spawning|P] Marker d8520d4b-d889-3feb-aac5-e17ffa5adcbe at Vector3d{x=726.8525538444519, y=35.0, z=216.37825393676758} removed due to repeated spawning fails of Skeleton_Incandescent_Fighter with reason: NO_ROOM
[2026/01/18 16:19:30   WARN]                     [Spawning|P] Marker c9706b74-b47e-3735-82e7-4c775321dbdf at Vector3d{x=811.2702660034179, y=58.00080738525385, z=284.6868769042969} removed due to repeated spawning fails of Goblin_Scrapper with reason: NO_ROOM
[2026/01/18 16:19:30   WARN]                     [Spawning|P] Marker 29946ef6-2586-348a-877b-c61e636cdc27 at Vector3d{x=1077.4079136474609, y=43.00038184814457, z=120.42152243652345} removed due to repeated spawning fails of Goblin_Thief with reason: TOO_HIGH
[2026/01/18 16:19:30   WARN]                     [Spawning|P] Marker 515c64ea-d66a-337d-9a89-cf83640c6c28 at Vector3d{x=1020.5942376953121, y=36.81916809082031, z=225.08096311035158} removed due to repeated spawning fails of Golem_Firesteel with reason: NO_ROOM
[2026/01/18 16:19:30 SEVERE]                  [World|default] Took too long to run pre-load process hook for chunk: 34ms 469us 776ns > TICK_STEP, Has GC Run: true, WorldChunk{x=23, z=-5, flags=00000000000000000000000000000100}, Hook: com.hypixel.hytale.builtin.blocktick.BlockTickPlugin$$Lambda/0x00000000738af270@20e3b165
[2026/01/18 16:19:30   WARN]                     [Spawning|P] Marker 5eac33b8-b146-3ec8-adc7-171654447153 at Vector3d{x=865.9205055236816, y=37.0, z=321.01558113098145} removed due to repeated spawning fails of Golem_Firesteel with reason: NO_ROOM
[2026/01/18 16:19:30   WARN]                     [Spawning|P] Marker a2f3937b-c44c-3a4f-b672-09436012d21d at Vector3d{x=1083.8570098876953, y=37.0, z=166.02877044677734} removed due to repeated spawning fails of Skeleton_Incandescent_Fighter with reason: NO_ROOM
[2026/01/18 16:19:30   WARN]                     [Spawning|P] Marker f329bb1b-b948-3c94-8f94-9af84392b2b5 at Vector3d{x=784.8525538444519, y=35.0, z=315.3782539367676} removed due to repeated spawning fails of Skeleton_Incandescent_Fighter with reason: NO_ROOM
[2026/01/18 16:19:30   WARN]                     [Spawning|P] Marker e6a681f7-9548-3f9d-b22d-3d3fe212e7b1 at Vector3d{x=827.8570098876953, y=37.0, z=-82.97122955322266} removed due to repeated spawning fails of Skeleton_Incandescent_Fighter with reason: NO_ROOM
[2026/01/18 16:19:30   WARN]                  [World|default] Task took 38ms 400us 84ns ns: java.util.concurrent.CompletableFuture$UniWhenComplete@24df794a
[2026/01/18 16:19:31   WARN]                     [Spawning|P] Marker 2f12f21c-bf9b-3a8e-b944-f8ace56f721d at Vector3d{x=877.4079136474609, y=69.00038184814457, z=353.42152243652345} removed due to repeated spawning fails of Goblin_Scrapper with reason: TOO_HIGH
[2026/01/18 16:19:31   WARN]                     [Spawning|P] Marker d3531e4f-dd95-3567-bf83-ff07814ba23a at Vector3d{x=618.4079136474609, y=63.00038184814457, z=98.42152243652345} removed due to repeated spawning fails of Goblin_Lobber with reason: TOO_HIGH
[2026/01/18 16:19:31   WARN]                     [Spawning|P] Marker 93338b53-ad1c-3b67-ae75-dec2b7a931f9 at Vector3d{x=1022.789169128418, y=67.00177083740229, z=-95.92593972167967} removed due to repeated spawning fails of Goblin_Lobber with reason: TOO_HIGH
[2026/01/18 16:19:31   WARN]                     [Spawning|P] Marker d1a82aed-b850-3130-9bde-d95f84a453f5 at Vector3d{x=647.2702660034179, y=44.00080738525385, z=165.6868769042969} removed due to repeated spawning fails of Goblin_Scrapper with reason: NO_ROOM
[2026/01/18 16:19:31   WARN]                     [Spawning|P] Marker 0f00a2c4-cdc1-3dfb-853c-b34433abbe7e at Vector3d{x=670.2702660034179, y=62.00080738525385, z=57.686876904296895} removed due to repeated spawning fails of Goblin_Scrapper with reason: TOO_HIGH
[2026/01/18 16:19:31 SEVERE]                     [ChunkStore] Took too long to pre-load process chunk: 36ms 807us 229ns > TICK_STEP, Has GC Run: true, WorldChunk{x=35, z=13, flags=00000000000000000000000000000100}
[2026/01/18 16:19:32 SEVERE]                  [World|default] Took too long to run pre-load process hook for chunk: 698ms 865us 641ns > TICK_STEP, Has GC Run: true, WorldChunk{x=29, z=-6, flags=00000000000000000000000000000100}, Hook: com.hypixel.hytale.builtin.fluid.FluidPlugin$$Lambda/0x0000000073a37c50@4c7d19bf
[2026/01/18 16:19:33 SEVERE]                  [World|default] Took too long to run pre-load process hook for chunk: 81ms 200us 848ns > TICK_STEP, Has GC Run: true, WorldChunk{x=37, z=-8, flags=00000000000000000000000000000100}, Hook: com.hypixel.hytale.server.core.modules.block.BlockModule$$Lambda/0x000000007397b888@408b2ae2
[2026/01/18 16:19:33 SEVERE]                  [World|default] Took too long to run pre-load process hook for chunk: 82ms 877us 3ns > TICK_STEP, WorldChunk{x=39, z=-8, flags=00000000000000000000000000000100}, Hook: com.hypixel.hytale.builtin.blocktick.BlockTickPlugin$$Lambda/0x00000000738af270@20e3b165
[2026/01/18 16:19:34 SEVERE]                  [World|default] Took too long to run pre-load process hook for chunk: 86ms 667us 913ns > TICK_STEP, Has GC Run: true, WorldChunk{x=14, z=13, flags=00000000000000000000000000000100}, Hook: com.hypixel.hytale.builtin.fluid.FluidPlugin$$Lambda/0x0000000073a37c50@4c7d19bf
[2026/01/18 16:19:35   WARN]                         [Hytale] {Playing(QuicConnectionAddress{connId=6a5dc454c38dc1ca7115eba5bc21654c46516f19} (/[0:0:0:0:0:0:0:1%0]:41548, streamId=0)), ababde7f-bafc-4827-b074-009e9ccd6b02, nikmorking}: Received com.hypixel.hytale.protocol.packets.player.ClientReady@9da1
[2026/01/18 16:19:37 SEVERE]                  [World|default] Took too long to run pre-load process hook for chunk: 81ms 690us 759ns > TICK_STEP, WorldChunk{x=17, z=-13, flags=00000000000000000000000000000100}, Hook: com.hypixel.hytale.builtin.fluid.FluidPlugin$$Lambda/0x0000000073a37c50@4c7d19bf
[2026/01/18 16:19:37 SEVERE]                  [World|default] Took too long to run pre-load process hook for chunk: 82ms 262us 603ns > TICK_STEP, Has GC Run: true, WorldChunk{x=19, z=-13, flags=00000000000000000000000000000100}, Hook: com.hypixel.hytale.builtin.blocktick.BlockTickPlugin$$Lambda/0x00000000738af270@20e3b165
[2026/01/18 16:19:38 SEVERE]                  [World|default] Took too long to run pre-load process hook for chunk: 505ms 588us 494ns > TICK_STEP, Has GC Run: true, WorldChunk{x=11, z=9, flags=00000000000000000000000000000100}, Hook: com.hypixel.hytale.builtin.fluid.FluidPlugin$$Lambda/0x0000000073a37c50@4c7d19bf
[2026/01/18 16:19:40   WARN]                     [Spawning|P] Marker 4e3955c4-ab09-3a6c-af66-425dfda481e4 at Vector3d{x=912.9205055236816, y=37.0, z=-128.98441886901855} removed due to repeated spawning fails of Golem_Firesteel with reason: NO_ROOM
[2026/01/18 16:19:40   WARN]                     [Spawning|P] Marker 450f78cb-7f37-367b-bd6f-7cb0b5842b29 at Vector3d{x=1126.8570098876953, y=37.0, z=150.02877044677734} removed due to repeated spawning fails of Skeleton_Incandescent_Fighter with reason: TOO_HIGH
[2026/01/18 16:19:40   WARN]                     [Spawning|P] Marker 08ba2f0f-74d7-39a8-90c3-557a91a442a2 at Vector3d{x=908.3136318481445, y=47.0, z=375.17669097595217} removed due to repeated spawning fails of Goblin_Scrapper with reason: TOO_HIGH
[2026/01/18 16:19:42 SEVERE]                  [World|default] Took too long to run pre-load process hook for chunk: 331ms 396us 587ns > TICK_STEP, Has GC Run: true, WorldChunk{x=23, z=-16, flags=00000000000000000000000000000100}, Hook: com.hypixel.hytale.builtin.fluid.FluidPlugin$$Lambda/0x0000000073a37c50@4c7d19bf
[2026/01/18 16:19:43 SEVERE]                  [World|default] Took too long to run pre-load process hook for chunk: 114ms 179us 592ns > TICK_STEP, Has GC Run: true, WorldChunk{x=49, z=-17, flags=00000000000000000000000000000100}, Hook: com.hypixel.hytale.builtin.fluid.FluidPlugin$$Lambda/0x0000000073a37c50@4c7d19bf
[2026/01/18 16:19:43 SEVERE]                  [World|default] Took too long to run pre-load process hook for chunk: 70ms 118us 242ns > TICK_STEP, Has GC Run: true, WorldChunk{x=49, z=-5, flags=00000000000000000000000000000100}, Hook: com.hypixel.hytale.server.core.modules.block.BlockModule$$Lambda/0x000000007397b888@408b2ae2
[2026/01/18 16:19:45 SEVERE]                  [World|default] Took too long to run pre-load process hook for chunk: 85ms 345us 593ns > TICK_STEP, Has GC Run: true, WorldChunk{x=39, z=-19, flags=00000000000000000000000000000100}, Hook: com.hypixel.hytale.builtin.fluid.FluidPlugin$$Lambda/0x0000000073a37c50@4c7d19bf
[2026/01/18 16:19:45 SEVERE]                  [World|default] Took too long to run pre-load process hook for chunk: 108ms 257us 290ns > TICK_STEP, WorldChunk{x=41, z=-19, flags=00000000000000000000000000000100}, Hook: com.hypixel.hytale.builtin.fluid.FluidPlugin$$Lambda/0x0000000073a37c50@4c7d19bf
[2026/01/18 16:19:45 SEVERE]                  [World|default] Took too long to run pre-load process hook for chunk: 138ms 610us 234ns > TICK_STEP, WorldChunk{x=47, z=-19, flags=00000000000000000000000000000100}, Hook: com.hypixel.hytale.builtin.fluid.FluidPlugin$$Lambda/0x0000000073a37c50@4c7d19bf
[2026/01/18 16:19:45 SEVERE]                  [World|default] Took too long to run pre-load process hook for chunk: 181ms 153us 34ns > TICK_STEP, WorldChunk{x=50, z=-19, flags=00000000000000000000000000000100}, Hook: com.hypixel.hytale.builtin.fluid.FluidPlugin$$Lambda/0x0000000073a37c50@4c7d19bf
[2026/01/18 16:19:45 SEVERE]                  [World|default] Took too long to run pre-load process hook for chunk: 491ms 719us 356ns > TICK_STEP, Has GC Run: true, WorldChunk{x=45, z=-19, flags=00000000000000000000000000000100}, Hook: com.hypixel.hytale.builtin.fluid.FluidPlugin$$Lambda/0x0000000073a37c50@4c7d19bf
[2026/01/18 16:19:45 SEVERE]                  [World|default] Took too long to run pre-load process hook for chunk: 678ms 737us 741ns > TICK_STEP, WorldChunk{x=48, z=-19, flags=00000000000000000000000000000100}, Hook: com.hypixel.hytale.builtin.fluid.FluidPlugin$$Lambda/0x0000000073a37c50@4c7d19bf
[2026/01/18 16:19:46 SEVERE]                  [World|default] Took too long to run pre-load process hook for chunk: 925ms 234us 458ns > TICK_STEP, WorldChunk{x=42, z=-19, flags=00000000000000000000000000000100}, Hook: com.hypixel.hytale.builtin.fluid.FluidPlugin$$Lambda/0x0000000073a37c50@4c7d19bf
[2026/01/18 16:19:46 SEVERE]                  [World|default] Took too long to run pre-load process hook for chunk: 181ms 991us 79ns > TICK_STEP, Has GC Run: true, WorldChunk{x=39, z=-20, flags=00000000000000000000000000000100}, Hook: com.hypixel.hytale.builtin.fluid.FluidPlugin$$Lambda/0x0000000073a37c50@4c7d19bf
[2026/01/18 16:19:46 SEVERE]                  [World|default] Took too long to run pre-load process hook for chunk: 213ms 780us 526ns > TICK_STEP, WorldChunk{x=40, z=-20, flags=00000000000000000000000000000100}, Hook: com.hypixel.hytale.builtin.fluid.FluidPlugin$$Lambda/0x0000000073a37c50@4c7d19bf
[2026/01/18 16:19:47 SEVERE]                  [World|default] Took too long to run pre-load process hook for chunk: 431ms 230us 956ns > TICK_STEP, WorldChunk{x=49, z=-20, flags=00000000000000000000000000000100}, Hook: com.hypixel.hytale.builtin.fluid.FluidPlugin$$Lambda/0x0000000073a37c50@4c7d19bf
[2026/01/18 16:19:47 SEVERE]                  [World|default] Took too long to run pre-load process hook for chunk: 515ms 535us 974ns > TICK_STEP, WorldChunk{x=47, z=-20, flags=00000000000000000000000000000100}, Hook: com.hypixel.hytale.builtin.fluid.FluidPlugin$$Lambda/0x0000000073a37c50@4c7d19bf
[2026/01/18 16:19:47 SEVERE]                  [World|default] Took too long to run pre-load process hook for chunk: 38ms 690us 662ns > TICK_STEP, WorldChunk{x=5, z=25, flags=00000000000000000000000000000100}, Hook: com.hypixel.hytale.builtin.fluid.FluidPlugin$$Lambda/0x0000000073a37c50@4c7d19bf
[2026/01/18 16:19:48 SEVERE]                  [World|default] Took too long to run pre-load process hook for chunk: 134ms 14us 774ns > TICK_STEP, Has GC Run: true, WorldChunk{x=40, z=-21, flags=00000000000000000000000000000100}, Hook: com.hypixel.hytale.builtin.fluid.FluidPlugin$$Lambda/0x0000000073a37c50@4c7d19bf
[2026/01/18 16:19:50 SEVERE]                  [World|default] Took too long to run pre-load process hook for chunk: 370ms 537us 973ns > TICK_STEP, Has GC Run: true, WorldChunk{x=53, z=-18, flags=00000000000000000000000000000100}, Hook: com.hypixel.hytale.builtin.fluid.FluidPlugin$$Lambda/0x0000000073a37c50@4c7d19bf
[2026/01/18 16:19:51 SEVERE]                  [World|default] Took too long to run pre-load process hook for chunk: 254ms 491us 595ns > TICK_STEP, Has GC Run: true, WorldChunk{x=38, z=-23, flags=00000000000000000000000000000100}, Hook: com.hypixel.hytale.builtin.fluid.FluidPlugin$$Lambda/0x0000000073a37c50@4c7d19bf
[2026/01/18 16:19:51 SEVERE]                  [World|default] Took too long to run pre-load process hook for chunk: 202ms 214us 577ns > TICK_STEP, WorldChunk{x=54, z=-18, flags=00000000000000000000000000000100}, Hook: com.hypixel.hytale.builtin.fluid.FluidPlugin$$Lambda/0x0000000073a37c50@4c7d19bf
[2026/01/18 16:19:51 SEVERE]                  [World|default] Took too long to run pre-load process hook for chunk: 278ms 275us 501ns > TICK_STEP, WorldChunk{x=54, z=-17, flags=00000000000000000000000000000100}, Hook: com.hypixel.hytale.builtin.fluid.FluidPlugin$$Lambda/0x0000000073a37c50@4c7d19bf
[2026/01/18 16:19:52 SEVERE]                  [World|default] Took too long to run pre-load process hook for chunk: 237ms 708us 71ns > TICK_STEP, WorldChunk{x=40, z=-24, flags=00000000000000000000000000000100}, Hook: com.hypixel.hytale.builtin.fluid.FluidPlugin$$Lambda/0x0000000073a37c50@4c7d19bf
[2026/01/18 16:19:52 SEVERE]                  [World|default] Took too long to run pre-load process hook for chunk: 198ms 784us 1ns > TICK_STEP, WorldChunk{x=55, z=-17, flags=00000000000000000000000000000100}, Hook: com.hypixel.hytale.builtin.fluid.FluidPlugin$$Lambda/0x0000000073a37c50@4c7d19bf
[2026/01/18 16:19:53 SEVERE]                  [World|default] Took too long to run pre-load process hook for chunk: 36ms 323us 610ns > TICK_STEP, Has GC Run: true, WorldChunk{x=37, z=-25, flags=00000000000000000000000000000100}, Hook: com.hypixel.hytale.builtin.fluid.FluidPlugin$$Lambda/0x0000000073a37c50@4c7d19bf
[2026/01/18 16:19:54 SEVERE]                  [World|default] Took too long to run pre-load process hook for chunk: 250ms 513us 167ns > TICK_STEP, WorldChunk{x=35, z=-26, flags=00000000000000000000000000000100}, Hook: com.hypixel.hytale.builtin.fluid.FluidPlugin$$Lambda/0x0000000073a37c50@4c7d19bf
[2026/01/18 16:19:55 SEVERE]                  [World|default] Took too long to run pre-load process hook for chunk: 342ms 450us 268ns > TICK_STEP, WorldChunk{x=36, z=-26, flags=00000000000000000000000000000100}, Hook: com.hypixel.hytale.builtin.fluid.FluidPlugin$$Lambda/0x0000000073a37c50@4c7d19bf
[2026/01/18 16:19:55 SEVERE]                  [World|default] Took too long to run pre-load process hook for chunk: 266ms 816us 426ns > TICK_STEP, Has GC Run: true, WorldChunk{x=15, z=-27, flags=00000000000000000000000000000100}, Hook: com.hypixel.hytale.builtin.fluid.FluidPlugin$$Lambda/0x0000000073a37c50@4c7d19bf
[2026/01/18 16:19:56 SEVERE]                  [World|default] Took too long to run pre-load process hook for chunk: 51ms 929us 929ns > TICK_STEP, WorldChunk{x=16, z=-28, flags=00000000000000000000000000000100}, Hook: com.hypixel.hytale.builtin.fluid.FluidPlugin$$Lambda/0x0000000073a37c50@4c7d19bf
[2026/01/18 16:19:56 SEVERE]                  [World|default] Took too long to run pre-load process hook for chunk: 200ms 377us 740ns > TICK_STEP, WorldChunk{x=37, z=-28, flags=00000000000000000000000000000100}, Hook: com.hypixel.hytale.builtin.fluid.FluidPlugin$$Lambda/0x0000000073a37c50@4c7d19bf
[2026/01/18 16:19:57 SEVERE]                  [World|default] Took too long to run pre-load process hook for chunk: 239ms 31us 656ns > TICK_STEP, WorldChunk{x=34, z=-28, flags=00000000000000000000000000000100}, Hook: com.hypixel.hytale.builtin.fluid.FluidPlugin$$Lambda/0x0000000073a37c50@4c7d19bf
[2026/01/18 16:19:57 SEVERE]                  [World|default] Took too long to run pre-load process hook for chunk: 835ms 914us 718ns > TICK_STEP, WorldChunk{x=20, z=-28, flags=00000000000000000000000000000100}, Hook: com.hypixel.hytale.builtin.fluid.FluidPlugin$$Lambda/0x0000000073a37c50@4c7d19bf
[2026/01/18 16:19:57 SEVERE]                  [World|default] Took too long to run pre-load process hook for chunk: 145ms 589us 563ns > TICK_STEP, WorldChunk{x=32, z=-29, flags=00000000000000000000000000000100}, Hook: com.hypixel.hytale.server.core.modules.block.BlockModule$$Lambda/0x000000007397b888@408b2ae2
[2026/01/18 16:19:57 SEVERE]                  [World|default] Took too long to run pre-load process hook for chunk: 145ms 805us 510ns > TICK_STEP, Has GC Run: true, WorldChunk{x=30, z=-29, flags=00000000000000000000000000000100}, Hook: com.hypixel.hytale.server.core.modules.block.BlockModule$$Lambda/0x000000007397b888@408b2ae2
[2026/01/18 16:19:57 SEVERE]                  [World|default] Took too long to run pre-load process hook for chunk: 64ms 738us 135ns > TICK_STEP, WorldChunk{x=37, z=-29, flags=00000000000000000000000000000100}, Hook: com.hypixel.hytale.builtin.fluid.FluidPlugin$$Lambda/0x0000000073a37c50@4c7d19bf
[2026/01/18 16:19:57 SEVERE]                  [World|default] Took too long to run pre-load process hook for chunk: 60ms 69us 176ns > TICK_STEP, WorldChunk{x=60, z=1, flags=00000000000000000000000000000100}, Hook: com.hypixel.hytale.server.core.modules.block.BlockModule$$Lambda/0x000000007397b888@408b2ae2
[2026/01/18 16:19:57 SEVERE]                  [World|default] Took too long to run pre-load process hook for chunk: 60ms 494us 309ns > TICK_STEP, Has GC Run: true, WorldChunk{x=60, z=2, flags=00000000000000000000000000000100}, Hook: com.hypixel.hytale.server.core.modules.block.BlockModule$$Lambda/0x000000007397b888@408b2ae2
[2026/01/18 16:19:57 SEVERE]                  [World|default] Took too long to run pre-load process hook for chunk: 452ms 585us 504ns > TICK_STEP, WorldChunk{x=18, z=-29, flags=00000000000000000000000000000100}, Hook: com.hypixel.hytale.builtin.fluid.FluidPlugin$$Lambda/0x0000000073a37c50@4c7d19bf
[2026/01/18 16:19:57 SEVERE]                  [World|default] Took too long to run pre-load process hook for chunk: 480ms 883us 307ns > TICK_STEP, WorldChunk{x=17, z=-29, flags=00000000000000000000000000000100}, Hook: com.hypixel.hytale.builtin.fluid.FluidPlugin$$Lambda/0x0000000073a37c50@4c7d19bf
[2026/01/18 16:19:58 SEVERE]                  [World|default] Took too long to run pre-load process hook for chunk: 361ms 437us 462ns > TICK_STEP, Has GC Run: true, WorldChunk{x=22, z=-30, flags=00000000000000000000000000000100}, Hook: com.hypixel.hytale.builtin.fluid.FluidPlugin$$Lambda/0x0000000073a37c50@4c7d19bf
[2026/01/18 16:19:58 SEVERE]                  [World|default] Took too long to run pre-load process hook for chunk: 375ms 544us 142ns > TICK_STEP, WorldChunk{x=31, z=-30, flags=00000000000000000000000000000100}, Hook: com.hypixel.hytale.builtin.fluid.FluidPlugin$$Lambda/0x0000000073a37c50@4c7d19bf
[2026/01/18 16:19:59 SEVERE]                  [World|default] Took too long to run pre-load process hook for chunk: 1sec 57ms 947us 100ns > TICK_STEP, WorldChunk{x=26, z=-30, flags=00000000000000000000000000000100}, Hook: com.hypixel.hytale.builtin.fluid.FluidPlugin$$Lambda/0x0000000073a37c50@4c7d19bf
[2026/01/18 16:20:00 SEVERE]                  [World|default] Took too long to run pre-load process hook for chunk: 2sec 120ms 774us 399ns > TICK_STEP, WorldChunk{x=25, z=-30, flags=00000000000000000000000000000100}, Hook: com.hypixel.hytale.builtin.fluid.FluidPlugin$$Lambda/0x0000000073a37c50@4c7d19bf
[2026/01/18 16:20:00 SEVERE]                  [World|default] Took too long to run pre-load process hook for chunk: 2sec 215ms 301us 313ns > TICK_STEP, WorldChunk{x=20, z=-30, flags=00000000000000000000000000000100}, Hook: com.hypixel.hytale.builtin.fluid.FluidPlugin$$Lambda/0x0000000073a37c50@4c7d19bf
[2026/01/18 16:20:22   WARN]                     [Spawning|P] Marker 8e882f4a-8d42-3840-b158-46cea3817b61 at Vector3d{x=866.4944915771484, y=42.0, z=-173.90221214294434} removed due to repeated spawning fails of Skeleton_Incandescent_Mage with reason: TOO_HIGH
[2026/01/18 16:20:23 SEVERE]                  [World|default] Took too long to run pre-load process hook for chunk: 128ms 979us 106ns > TICK_STEP, Has GC Run: true, WorldChunk{x=5, z=-23, flags=00000000000000000000000000000100}, Hook: com.hypixel.hytale.builtin.fluid.FluidPlugin$$Lambda/0x0000000073a37c50@4c7d19bf
[2026/01/18 16:20:23 SEVERE]                  [World|default] Took too long to run pre-load process hook for chunk: 473ms 803us 30ns > TICK_STEP, Has GC Run: true, WorldChunk{x=3, z=-21, flags=00000000000000000000000000000100}, Hook: com.hypixel.hytale.builtin.fluid.FluidPlugin$$Lambda/0x0000000073a37c50@4c7d19bf
[2026/01/18 16:20:23 SEVERE]                  [World|default] Took too long to run pre-load process hook for chunk: 346ms 555us 971ns > TICK_STEP, WorldChunk{x=26, z=-31, flags=00000000000000000000000000000100}, Hook: com.hypixel.hytale.builtin.fluid.FluidPlugin$$Lambda/0x0000000073a37c50@4c7d19bf
[2026/01/18 16:20:27 SEVERE]                  [World|default] Took too long to run pre-load process hook for chunk: 3sec 904ms 807us 94ns > TICK_STEP, WorldChunk{x=15, z=-29, flags=00000000000000000000000000000100}, Hook: com.hypixel.hytale.builtin.fluid.FluidPlugin$$Lambda/0x0000000073a37c50@4c7d19bf
[2026/01/18 16:20:28   INFO]                 [CommandManager] nikmorking executed command: packs
[2026/01/18 16:21:57   INFO]                 [CommandManager] Console executed command: op nikmorking
Could not find subcommand 'nikmorking', did you mean one of these commands?: 
/op add
/op self
/op remove
[2026/01/18 16:22:06   INFO]                 [CommandManager] Console executed command: op add nikmorking
nikmorking is now an operator!
[2026/01/18 16:22:14   INFO]                 [CommandManager] nikmorking executed command: packs
[2026/01/18 16:22:19   INFO]                 [CommandManager] nikmorking executed command: packs list
Command not found! ls
[2026/01/18 16:24:21   INFO]                 [CommandManager] Console executed command: stop
Shutting down!
[2026/01/18 16:24:21   INFO]                   [HytaleServer] Shutdown triggered!!!
[2026/01/18 16:24:21   INFO]                   [HytaleServer] Shutting down... 0  'null'
[2026/01/18 16:24:21   INFO]                         [Hytale] Disconnecting nikmorking at QuicConnectionAddress{connId=6a5dc454c38dc1ca7115eba5bc21654c46516f19} (/[0:0:0:0:0:0:0:1%0]:41548, streamId=0) with the message: Stopping server!
[2026/01/18 16:24:21   INFO]                     [Universe|P] Removing player 'nikmorking' (ababde7f-bafc-4827-b074-009e9ccd6b02)
[2026/01/18 16:24:21   INFO]                [ServerManager|P] Closed listener [id: 0xbe733ff3] and took 259us 221ns
[2026/01/18 16:24:21   INFO]                [ServerManager|P] Closed listener [id: 0x1e624476] and took 53us 752ns
[2026/01/18 16:24:21   INFO]                [ServerManager|P] Closed listener [id: 0xfb05e77f] and took 543us 474ns
[2026/01/18 16:24:21   INFO]                         [Hytale] {Playing(null (null, streamId=0)), ababde7f-bafc-4827-b074-009e9ccd6b02, nikmorking} was closed.
[2026/01/18 16:24:21   INFO]                     [Universe|P] Removing player 'nikmorking' (ababde7f-bafc-4827-b074-009e9ccd6b02)
[2026/01/18 16:24:21   INFO]                  [World|default] Stopping world default...
[2026/01/18 16:24:21   INFO]                  [World|default] Stopping background threads...
[2026/01/18 16:24:21   INFO]                   [Objectives|P] Checking objectives for disconnecting player 'nikmorking' (ababde7f-bafc-4827-b074-009e9ccd6b02)
[2026/01/18 16:24:21   INFO]                  [QUICTransport] Connection closed: QuicheQuicConnectionStats[recv=27895, sent=114072, lost=0, retrans=6, sentBytes=85591745, recvBytes=1938612, lostBytes=0, streamRetransBytes=2521, pathsCount=1]
[2026/01/18 16:24:21   INFO]                   [Objectives|P] Processing 0 active objectives for 'nikmorking' (ababde7f-bafc-4827-b074-009e9ccd6b02)
[2026/01/18 16:24:21   INFO]                  [PlayerSystems] Removing player 'nikmorking (nikmorking)' from world 'default' (ababde7f-bafc-4827-b074-009e9ccd6b02)
[2026/01/18 16:24:21   WARN]                     [Universe|P] Timeout or error waiting for player 'nikmorking' removal from world store
java.util.concurrent.CompletionException: java.lang.IllegalStateException: Invalid entity reference!
	at java.base/java.util.concurrent.CompletableFuture.wrapInCompletionException(CompletableFuture.java:323)
	at java.base/java.util.concurrent.CompletableFuture.encodeThrowable(CompletableFuture.java:359)
	at java.base/java.util.concurrent.CompletableFuture.completeThrowable(CompletableFuture.java:364)
	at java.base/java.util.concurrent.CompletableFuture$AsyncRun.run(CompletableFuture.java:1828)
	at com.hypixel.hytale.server.core.universe.world.World.consumeTaskQueue(World.java:894)
	at com.hypixel.hytale.server.core.universe.world.World.onShutdown(World.java:432)
	at com.hypixel.hytale.server.core.util.thread.TickingThread.run(TickingThread.java:109)
	at java.base/java.lang.Thread.run(Thread.java:1474)
Caused by: java.lang.IllegalStateException: Invalid entity reference!
	at com.hypixel.hytale.component.Ref.validate(Ref.java:59)
	at com.hypixel.hytale.component.Store.__internal_getComponent(Store.java:1222)
	at com.hypixel.hytale.component.Store.getComponent(Store.java:1216)
	at com.hypixel.hytale.server.core.universe.Universe.lambda$removePlayer$0(Universe.java:1000)
	at java.base/java.util.concurrent.CompletableFuture$AsyncRun.run(CompletableFuture.java:1825)
	... 4 more
Caused by: java.lang.Throwable
	at com.hypixel.hytale.component.Ref.invalidate(Ref.java:55)
	at com.hypixel.hytale.component.Store.removeEntity(Store.java:879)
	at com.hypixel.hytale.component.Store.removeEntity(Store.java:819)
	at com.hypixel.hytale.component.Store.removeEntity(Store.java:813)
	at com.hypixel.hytale.server.core.universe.PlayerRef.removeFromStore(PlayerRef.java:244)
	at com.hypixel.hytale.server.core.entity.entities.Player.remove(Player.java:314)
	at com.hypixel.hytale.server.core.universe.Universe.lambda$removePlayer$0(Universe.java:1002)
	... 5 more

[2026/01/18 16:24:21   INFO]                  [World|default] Removing players...
[2026/01/18 16:24:21   INFO]                  [World|default] Waiting for loading chunks...
[2026/01/18 16:24:21   INFO]                  [World|default] Shutting down stores...
[2026/01/18 16:24:21   INFO]                  [World|default] Shutting down chunk generator...
[2026/01/18 16:24:21   INFO]                 [WorldGenerator] ChunkGenerator-0 executor shutdown complete
[2026/01/18 16:24:21   INFO]                  [World|default] Saving Chunks...
[2026/01/18 16:24:21   INFO]                  [World|default] Queuing Chunks...
[2026/01/18 16:24:21   INFO]                  [World|default] Saving All Chunks...
[2026/01/18 16:24:21   INFO]                  [World|default] Waiting for Saving Chunks...
[2026/01/18 16:24:21   INFO]                  [World|default] Done Saving Chunks!
[2026/01/18 16:24:21   INFO]            [PlayerSavingSystems] Saving Players...
[2026/01/18 16:24:21   INFO]                  [World|default] Saving Config...
[2026/01/18 16:24:21   INFO]                     [Universe|P] Removing world exceptionally: default
[2026/01/18 16:24:21   INFO]                  [PluginManager] Saving plugins config...
[2026/01/18 16:24:21   INFO]                  [PluginManager] Shut down plugin Hytale:NPCObjectives
[2026/01/18 16:24:21   INFO]                  [PluginManager] Shut down plugin Hytale:Spawning
[2026/01/18 16:24:21   INFO]                  [PluginManager] Shut down plugin Hytale:NPCReputation
[2026/01/18 16:24:21   INFO]                  [PluginManager] Shut down plugin Hytale:NPCCombatActionEvaluator
[2026/01/18 16:24:21   INFO]                  [PluginManager] Shut down plugin Hytale:Portals
[2026/01/18 16:24:21   INFO]                  [PluginManager] Shut down plugin Hytale:Beds
[2026/01/18 16:24:21   INFO]                  [PluginManager] Shut down plugin Hytale:NPCShop
[2026/01/18 16:24:21   INFO]                  [PluginManager] Shut down plugin Hytale:Memories
[2026/01/18 16:24:21   INFO]                  [PluginManager] Shut down plugin Hytale:NPCEditor
[2026/01/18 16:24:21   INFO]                  [PluginManager] Shut down plugin Hytale:Flock
[2026/01/18 16:24:21   INFO]                  [PluginManager] Shut down plugin Hytale:Mounts
[2026/01/18 16:24:21   INFO]                  [PluginManager] Shut down plugin Hytale:NPC
[2026/01/18 16:24:21   INFO]                  [PluginManager] Shut down plugin Hytale:Camera
[2026/01/18 16:24:21   INFO]                  [PluginManager] Shut down plugin Hytale:DamageModule
[2026/01/18 16:24:21   INFO]                  [PluginManager] Shut down plugin Hytale:CreativeHub
[2026/01/18 16:24:21   INFO]                  [PluginManager] Shut down plugin Hytale:ObjectiveReputation
[2026/01/18 16:24:21   INFO]                  [PluginManager] Shut down plugin Hytale:ObjectiveShop
[2026/01/18 16:24:21   INFO]                  [PluginManager] Shut down plugin Hytale:StaminaModule
[2026/01/18 16:24:21   INFO]                  [PluginManager] Shut down plugin Hytale:Stash
[2026/01/18 16:24:21   INFO]                  [PluginManager] Shut down plugin Hytale:EntityUIModule
[2026/01/18 16:24:21   INFO]                  [PluginManager] Shut down plugin Hytale:Path
[2026/01/18 16:24:21   INFO]                  [PluginManager] Shut down plugin Hytale:Objectives
[2026/01/18 16:24:21   INFO]                  [PluginManager] Shut down plugin Hytale:Instances
[2026/01/18 16:24:21   INFO]                  [PluginManager] Shut down plugin Hytale:PrefabSpawnerModule
[2026/01/18 16:24:21   INFO]                  [PluginManager] Shut down plugin Hytale:BlockSpawner
[2026/01/18 16:24:21   INFO]                  [PluginManager] Shut down plugin Hytale:EntityStatsModule
[2026/01/18 16:24:21   INFO]                  [PluginManager] Shut down plugin Hytale:ShopReputation
[2026/01/18 16:24:21   INFO]                  [PluginManager] Shut down plugin Hytale:SingleplayerModule
[2026/01/18 16:24:21   INFO]                  [PluginManager] Shut down plugin Hytale:Crafting
[2026/01/18 16:24:21   INFO]                         [Shop|P] Barter shop state saved
[2026/01/18 16:24:21   INFO]                  [PluginManager] Shut down plugin Hytale:Shop
[2026/01/18 16:24:21   INFO]                  [PluginManager] Shut down plugin Hytale:Fluid
[2026/01/18 16:24:21   INFO]                  [PluginManager] Shut down plugin Hytale:Farming
[2026/01/18 16:24:21   INFO]                  [PluginManager] Shut down plugin Hytale:BuilderTools
[2026/01/18 16:24:21   INFO]                  [PluginManager] Shut down plugin Hytale:BlockPhysics
[2026/01/18 16:24:21   INFO]                  [PluginManager] Shut down plugin Hytale:Teleporter
[2026/01/18 16:24:21   INFO]                  [PluginManager] Shut down plugin Hytale:Ambience
[2026/01/18 16:24:21   INFO]                  [PluginManager] Shut down plugin Hytale:AssetEditor
[2026/01/18 16:24:21   INFO]                  [PluginManager] Shut down plugin Hytale:BlockStateModule
[2026/01/18 16:24:21   INFO]                  [PluginManager] Shut down plugin Hytale:WorldGen
[2026/01/18 16:24:21   INFO]                  [PluginManager] Shut down plugin Hytale:Teleport
[2026/01/18 16:24:21   INFO]                  [PluginManager] Shut down plugin Hytale:ProjectileModule
[2026/01/18 16:24:21   INFO]                  [PluginManager] Shut down plugin Hytale:Parkour
[2026/01/18 16:24:21   INFO]                  [PluginManager] Shut down plugin Hytale:Reputation
[2026/01/18 16:24:21   INFO]                  [PluginManager] Shut down plugin Hytale:Weather
[2026/01/18 16:24:21   INFO]                  [PluginManager] Shut down plugin Hytale:BlockModule
[2026/01/18 16:24:21   INFO]                  [PluginManager] Shut down plugin Hytale:BlockTypeModule
[2026/01/18 16:24:21   INFO]                  [PluginManager] Shut down plugin Hytale:ConnectedBlocksModule
[2026/01/18 16:24:21   INFO]                  [PluginManager] Shut down plugin Hytale:ServerPlayerListModule
[2026/01/18 16:24:21   INFO]                  [PluginManager] Shut down plugin Hytale:InteractionModule
[2026/01/18 16:24:21   INFO]                  [PluginManager] Shut down plugin Hytale:BlockHealthModule
[2026/01/18 16:24:21   INFO]                  [PluginManager] Shut down plugin Hytale:BlockTick
[2026/01/18 16:24:21   INFO]                  [PluginManager] Shut down plugin Hytale:EntityModule
[2026/01/18 16:24:21   INFO]                  [PluginManager] Shut down plugin Hytale:FlyCameraModule
[2026/01/18 16:24:21   INFO]                  [PluginManager] Shut down plugin Hytale:BlockSetModule
[2026/01/18 16:24:21   INFO]                  [PluginManager] Shut down plugin Hytale:Deployables
[2026/01/18 16:24:21   INFO]                  [PluginManager] Shut down plugin Hytale:PermissionsModule
[2026/01/18 16:24:21   INFO]                  [PluginManager] Shut down plugin Hytale:Mantling
[2026/01/18 16:24:21   INFO]                  [PluginManager] Shut down plugin Hytale:LANDiscovery
[2026/01/18 16:24:21   INFO]                  [PluginManager] Shut down plugin Hytale:LegacyModule
[2026/01/18 16:24:21   INFO]                  [PluginManager] Shut down plugin Hytale:I18nModule
[2026/01/18 16:24:21   INFO]                  [PluginManager] Shut down plugin Hytale:CosmeticsModule
[2026/01/18 16:24:21   INFO]                  [PluginManager] Shut down plugin Hytale:CommonAssetModule
[2026/01/18 16:24:21   INFO]                  [PluginManager] Shut down plugin Hytale:ItemModule
[2026/01/18 16:24:21   INFO]                  [PluginManager] Shut down plugin Hytale:HytaleGenerator
[2026/01/18 16:24:21   INFO]                  [PluginManager] Shut down plugin Hytale:SafetyRoll
[2026/01/18 16:24:21   INFO]                  [PluginManager] Shut down plugin Hytale:CommandMacro
[2026/01/18 16:24:21   INFO]                  [PluginManager] Shut down plugin Hytale:AccessControlModule
[2026/01/18 16:24:21   INFO]                  [PluginManager] Shut down plugin Hytale:TagSet
[2026/01/18 16:24:21   INFO]                  [PluginManager] Shut down plugin Hytale:Universe
[2026/01/18 16:24:21   INFO]                  [PluginManager] Shut down plugin Hytale:CrouchSlide
[2026/01/18 16:24:21   INFO]                  [PluginManager] Shut down plugin Hytale:Model
[2026/01/18 16:24:21   INFO]                  [PluginManager] Shut down plugin Hytale:SplitVelocity
[2026/01/18 16:24:21   INFO]                  [PluginManager] Shut down plugin Hytale:DebugPlugin
[2026/01/18 16:24:21   INFO]                  [PluginManager] Shut down plugin Hytale:CollisionModule
[2026/01/18 16:24:21   INFO]                  [PluginManager] Shut down plugin Hytale:TimeModule
[2026/01/18 16:24:21   INFO]                [ConsoleModule|P] Restoring terminal...
[2026/01/18 16:24:21   INFO]                  [PluginManager] Shut down plugin Hytale:ConsoleModule
[2026/01/18 16:24:21   INFO]              [PathWatcherThread] Stopped polling for changes in assets. Server will need to be rebooted to load changes!
[2026/01/18 16:24:21   INFO]                  [PluginManager] Shut down plugin Hytale:AssetModule
[2026/01/18 16:24:21   INFO]                  [PluginManager] Shut down plugin Hytale:MigrationModule
[2026/01/18 16:24:21   INFO]                  [PluginManager] Shut down plugin Hytale:SprintForce
[2026/01/18 16:24:21   INFO]                  [QUICTransport] Shutting down workerGroup...
[2026/01/18 16:24:21   INFO]                [ServerManager|P] Finished shutting down ServerManager...
[2026/01/18 16:24:21   INFO]                  [PluginManager] Shut down plugin Hytale:ServerManager
[2026/01/18 16:24:21   INFO]                  [PluginManager] Shut down plugin Hytale:WorldLocationCondition
[2026/01/18 16:24:21   INFO]           [SessionServiceClient] Terminating game session...
[2026/01/18 16:24:21   INFO]           [SessionServiceClient] Game session terminated
[2026/01/18 16:24:21   INFO]                   [HytaleServer] Saving config...
[2026/01/18 16:24:21   INFO]                   [HytaleServer] Shutdown completed!
