[2026/01/18 16:26:51   INFO]           [HytaleServer] Starting HytaleServer
[2026/01/18 16:26:51   INFO]           [HytaleServer] Loading config...
[2026/01/18 16:26:51   INFO]           [HytaleServer] Authentication mode: AUTHENTICATED
[2026/01/18 16:26:51   INFO]      [ServerAuthManager] No server tokens configured. Use /auth login to authenticate, or provide tokens via CLI/environment.
[2026/01/18 16:26:51   INFO]      [ServerAuthManager] Server session ID: 856e1cae-a0ed-4bb4-9306-7a7c28de52e5
[2026/01/18 16:26:51   INFO]           [HytaleServer] Enabling Sentry
[2026/01/18 16:26:51   INFO]           [HytaleServer] Booting up HytaleServer - Version: 2026.01.17-4b0f30090, Revision: 4b0f30090ab99c9ce84652006e40c825c555ad98
[2026/01/18 16:26:51   INFO]           [HytaleServer] Setup phase...
[2026/01/18 16:26:51   INFO]          [PluginManager] Loading pending core plugins!
[2026/01/18 16:26:51   INFO]          [PluginManager] - Hytale:ConsoleModule
[2026/01/18 16:26:51   INFO]          [PluginManager] - Hytale:PermissionsModule
[2026/01/18 16:26:51   INFO]          [PluginManager] - Hytale:FlyCameraModule
[2026/01/18 16:26:51   INFO]          [PluginManager] - Hytale:AssetModule
[2026/01/18 16:26:51   INFO]          [PluginManager] - Hytale:CommonAssetModule
[2026/01/18 16:26:51   INFO]          [PluginManager] - Hytale:CosmeticsModule
[2026/01/18 16:26:51   INFO]          [PluginManager] - Hytale:ServerManager
[2026/01/18 16:26:51   INFO]          [PluginManager] - Hytale:I18nModule
[2026/01/18 16:26:51   INFO]          [PluginManager] - Hytale:ItemModule
[2026/01/18 16:26:51   INFO]          [PluginManager] - Hytale:BlockTypeModule
[2026/01/18 16:26:51   INFO]          [PluginManager] - Hytale:LegacyModule
[2026/01/18 16:26:51   INFO]          [PluginManager] - Hytale:BlockModule
[2026/01/18 16:26:51   INFO]          [PluginManager] - Hytale:BlockStateModule
[2026/01/18 16:26:51   INFO]          [PluginManager] - Hytale:CollisionModule
[2026/01/18 16:26:51   INFO]          [PluginManager] - Hytale:BlockSetModule
[2026/01/18 16:26:51   INFO]          [PluginManager] - Hytale:MigrationModule
[2026/01/18 16:26:51   INFO]          [PluginManager] - Hytale:BlockHealthModule
[2026/01/18 16:26:51   INFO]          [PluginManager] - Hytale:PrefabSpawnerModule
[2026/01/18 16:26:51   INFO]          [PluginManager] - Hytale:TimeModule
[2026/01/18 16:26:51   INFO]          [PluginManager] - Hytale:InteractionModule
[2026/01/18 16:26:51   INFO]          [PluginManager] - Hytale:EntityModule
[2026/01/18 16:26:51   INFO]          [PluginManager] - Hytale:EntityStatsModule
[2026/01/18 16:26:51   INFO]          [PluginManager] - Hytale:EntityUIModule
[2026/01/18 16:26:51   INFO]          [PluginManager] - Hytale:DamageModule
[2026/01/18 16:26:51   INFO]          [PluginManager] - Hytale:SplitVelocity
[2026/01/18 16:26:51   INFO]          [PluginManager] - Hytale:StaminaModule
[2026/01/18 16:26:51   INFO]          [PluginManager] - Hytale:DebugPlugin
[2026/01/18 16:26:51   INFO]          [PluginManager] - Hytale:ProjectileModule
[2026/01/18 16:26:51   INFO]          [PluginManager] - Hytale:ServerPlayerListModule
[2026/01/18 16:26:51   INFO]          [PluginManager] - Hytale:AccessControlModule
[2026/01/18 16:26:51   INFO]          [PluginManager] - Hytale:SingleplayerModule
[2026/01/18 16:26:51   INFO]          [PluginManager] - Hytale:Universe
[2026/01/18 16:26:51   INFO]          [PluginManager] - Hytale:ConnectedBlocksModule
[2026/01/18 16:26:51   INFO]          [PluginManager] Loading pending classpath plugins!
[2026/01/18 16:26:51   INFO]          [PluginManager] - Hytale:AssetEditor
[2026/01/18 16:26:51   INFO]          [PluginManager] - Hytale:BlockSpawner
[2026/01/18 16:26:51   INFO]          [PluginManager] - Hytale:BlockTick
[2026/01/18 16:26:51   INFO]          [PluginManager] - Hytale:BlockPhysics
[2026/01/18 16:26:51   INFO]          [PluginManager] - Hytale:BuilderTools
[2026/01/18 16:26:51   INFO]          [PluginManager] - Hytale:Crafting
[2026/01/18 16:26:51   INFO]          [PluginManager] - Hytale:CommandMacro
[2026/01/18 16:26:51   INFO]          [PluginManager] - Hytale:Instances
[2026/01/18 16:26:51   INFO]          [PluginManager] - Hytale:LANDiscovery
[2026/01/18 16:26:51   INFO]          [PluginManager] - Hytale:NPC
[2026/01/18 16:26:51   INFO]          [PluginManager] - Hytale:NPCObjectives
[2026/01/18 16:26:51   INFO]          [PluginManager] - Hytale:ObjectiveReputation
[2026/01/18 16:26:51   INFO]          [PluginManager] - Hytale:Objectives
[2026/01/18 16:26:51   INFO]          [PluginManager] - Hytale:ObjectiveShop
[2026/01/18 16:26:51   INFO]          [PluginManager] - Hytale:Path
[2026/01/18 16:26:51   INFO]          [PluginManager] - Hytale:Reputation
[2026/01/18 16:26:51   INFO]          [PluginManager] - Hytale:NPCReputation
[2026/01/18 16:26:51   INFO]          [PluginManager] - Hytale:Shop
[2026/01/18 16:26:51   INFO]          [PluginManager] - Hytale:ShopReputation
[2026/01/18 16:26:51   INFO]          [PluginManager] - Hytale:NPCShop
[2026/01/18 16:26:51   INFO]          [PluginManager] - Hytale:NPCEditor
[2026/01/18 16:26:51   INFO]          [PluginManager] - Hytale:Stash
[2026/01/18 16:26:51   INFO]          [PluginManager] - Hytale:TagSet
[2026/01/18 16:26:51   INFO]          [PluginManager] - Hytale:Teleport
[2026/01/18 16:26:51   INFO]          [PluginManager] - Hytale:Fluid
[2026/01/18 16:26:51   INFO]          [PluginManager] - Hytale:Weather
[2026/01/18 16:26:51   INFO]          [PluginManager] - Hytale:WorldGen
[2026/01/18 16:26:51   INFO]          [PluginManager] - Hytale:Farming
[2026/01/18 16:26:51   INFO]          [PluginManager] - Hytale:Camera
[2026/01/18 16:26:51   INFO]          [PluginManager] - Hytale:WorldLocationCondition
[2026/01/18 16:26:51   INFO]          [PluginManager] - Hytale:NPCCombatActionEvaluator
[2026/01/18 16:26:51   INFO]          [PluginManager] - Hytale:Model
[2026/01/18 16:26:51   INFO]          [PluginManager] - Hytale:Mantling
[2026/01/18 16:26:51   INFO]          [PluginManager] - Hytale:SafetyRoll
[2026/01/18 16:26:51   INFO]          [PluginManager] - Hytale:SprintForce
[2026/01/18 16:26:51   INFO]          [PluginManager] - Hytale:CrouchSlide
[2026/01/18 16:26:51   INFO]          [PluginManager] - Hytale:Parkour
[2026/01/18 16:26:51   INFO]          [PluginManager] - Hytale:Mounts
[2026/01/18 16:26:51   INFO]          [PluginManager] - Hytale:HytaleGenerator
[2026/01/18 16:26:51   INFO]          [PluginManager] - Hytale:Teleporter
[2026/01/18 16:26:51   INFO]          [PluginManager] - Hytale:Memories
[2026/01/18 16:26:51   INFO]          [PluginManager] - Hytale:Deployables
[2026/01/18 16:26:51   INFO]          [PluginManager] - Hytale:Portals
[2026/01/18 16:26:51   INFO]          [PluginManager] - Hytale:Beds
[2026/01/18 16:26:51   INFO]          [PluginManager] - Hytale:Ambience
[2026/01/18 16:26:51   INFO]          [PluginManager] - Hytale:CreativeHub
[2026/01/18 16:26:51   INFO]          [PluginManager] Loading pending plugins from directory: mods
[2026/01/18 16:26:51   INFO]          [PluginManager] Loading pending plugins from directory: /home/nikmorking/.var/app/com.hypixel.HytaleLauncher/data/Hytale/UserData/Mods
[2026/01/18 16:26:51   INFO]          [PluginManager] - Example:ExamplePlugin from path ExamplePlugin-0.0.2.jar
[2026/01/18 16:26:51   INFO]          [ExamplePlugin] Hello from Example:ExamplePlugin version 0.0.2
[2026/01/18 16:26:51   INFO]          [AssetModule|P] Asset monitor enabled!
[2026/01/18 16:26:52   INFO]          [AssetModule|P] Loaded pack: Hytale:Hytale from Assets.zip
[2026/01/18 16:26:52   INFO]          [AssetModule|P] Loading packs from directory: mods
[2026/01/18 16:26:52   WARN]          [AssetModule|P] Skipping pack at Hytale_Shop: missing or invalid manifest.json
[2026/01/18 16:26:52   INFO]          [AssetModule|P] Loading packs from directory: /home/nikmorking/.var/app/com.hypixel.HytaleLauncher/data/Hytale/UserData/Mods
[2026/01/18 16:26:52   INFO]        [ConsoleModule|P] Setup console with type: xterm-256color
[2026/01/18 16:26:52   INFO]      [ServerAuthManager] Server certificate set: CN=localhost
[2026/01/18 16:26:52   INFO]          [QUICTransport] Server certificate registered for mutual auth, fingerprint: bZj6tuHCBFxC11v2-_KEMgiLjWlNAIZDoQXkuf1MFKo
[2026/01/18 16:26:52   INFO]          [QUICTransport] Using IPv4 Datagram Channel: EpollDatagramChannel(INET)...
[2026/01/18 16:26:52   INFO]          [QUICTransport] Using IPv6 Datagram Channel: EpollDatagramChannel(INET6)...
[2026/01/18 16:26:52   WARN] [io.netty.bootstrap.Bootstrap] Unknown channel option 'IP_DONTFRAGMENT' for channel '[id: 0xd7dcab1d]' of type 'class io.netty.channel.epoll.EpollDatagramChannel'
[2026/01/18 16:26:52   WARN] [io.netty.bootstrap.Bootstrap] Unknown channel option 'IP_DONTFRAGMENT' for channel '[id: 0xaccc4921]' of type 'class io.netty.channel.epoll.EpollDatagramChannel'
[2026/01/18 16:26:52   INFO]              [ServerManager|P] Took 545ms 875us 905ns to setup transport!
[2026/01/18 16:26:53   INFO]                [ExamplePlugin] Setting up plugin Example:ExamplePlugin
[2026/01/18 16:26:53   INFO]                [ExamplePlugin] Setting up plugin without external libs...
[2026/01/18 16:26:53   INFO]            [ServerAuthManager] Auth credential store: Memory
[2026/01/18 16:26:53   INFO]                 [HytaleServer] Setup phase completed! Boot time 2sec 164ms 139us 879ns
[2026/01/18 16:26:53   INFO]                       [Hytale] Loading common assets from: /
[2026/01/18 16:26:53   INFO]          [CommonAssetModule|P] Took 55ms 520us 716ns to load 22913 assets from CommonAssetsIndex.hashes file.
[2026/01/18 16:26:53   WARN]          [CommonAssetModule|P] Duplicated Asset Count: 931
[2026/01/18 16:26:53   INFO]                       [Hytale] Loading common assets phase completed! Boot time 2sec 220ms 193us 275ns, Took 55ms 861us 273ns
[2026/01/18 16:26:53   INFO]          [AssetRegistryLoader] Loading 91 asset stores...
[2026/01/18 16:26:53   INFO]          [AssetRegistryLoader] Pre-adding assets...
[2026/01/18 16:26:53   INFO]            [CollisionModule|P] Block extents for CollisionSystem is Max=0.0, Min=0.0
[2026/01/18 16:26:53   INFO]                       [Hytale] Loading assets from: /Server
[2026/01/18 16:26:53   INFO]          [AssetRegistryLoader] Loading assets from /Server
[2026/01/18 16:26:53   WARN]             [MacroCommandBase] Could not parse default argument value for argument: 'world' on Macro Command: 'settimeandgohome'.
server.commands.errors.noSuchWorld{name=com.hypixel.hytale.protocol.StringParamValue@bf4c6e40}
server.commands.errors.noSuchWorld{name=com.hypixel.hytale.protocol.StringParamValue@bf4c6e40}
[2026/01/18 16:26:53   WARN] [AssetStore|CustomConnectedBlockTemplateAsset] Unused key(s) in 'DoorLargeConnectedBlockTemplate' file /Server/Item/CustomConnectedBlockTemplates/DoorLargeConnectedBlockTemplate.json: ConnectsToOtherTemplates
[2026/01/18 16:26:53   WARN] [AssetStore|CustomConnectedBlockTemplateAsset] Unused key(s) in 'RailsConnectedBlockTemplate' file /Server/Item/CustomConnectedBlockTemplates/RailsConnectedBlockTemplate.json: MaterialName
[2026/01/18 16:26:53   WARN] [AssetStore|ScriptedBrushAsset] Unused key(s) in 'FluidMaskExample' file /Server/ScriptedBrushes/Examples/FluidMaskExample.json: Description
[2026/01/18 16:26:53   WARN] [AssetStore|ScriptedBrushAsset] Asset key 'templeFloor' for file '/Server/ScriptedBrushes/Archive/templeFloor.json' has incorrect format! Expected: 'TempleFloor'
[2026/01/18 16:26:53   WARN] [AssetStore|ScriptedBrushAsset] Unused key(s) in 'ReplaceWaterExample' file /Server/ScriptedBrushes/Examples/ReplaceWaterExample.json: Description
[2026/01/18 16:26:53   WARN] [AssetStore|ScriptedBrushAsset] Asset key 'MountainBrush_old' for file '/Server/ScriptedBrushes/Archive/MountainBrush_old.json' has incorrect format! Expected: 'MountainBrush_Old'
[2026/01/18 16:26:53   WARN] [AssetStore|ScriptedBrushAsset] Asset key 'BoulderBrush_old' for file '/Server/ScriptedBrushes/Archive/BoulderBrush_old.json' has incorrect format! Expected: 'BoulderBrush_Old'
[2026/01/18 16:26:53   WARN] [AssetStore|ScriptedBrushAsset] Asset key 'templePillars' for file '/Server/ScriptedBrushes/Archive/templePillars.json' has incorrect format! Expected: 'TemplePillars'
[2026/01/18 16:26:53 SEVERE]                          [SERR] Reallocate: 131072 to 1179648
[2026/01/18 16:26:53   WARN] [AssetStore|ScriptedBrushAsset] Asset key 'keepDestruction' for file '/Server/ScriptedBrushes/Archive/keepDestruction.json' has incorrect format! Expected: 'KeepDestruction'
[2026/01/18 16:26:53   WARN] [AssetStore|ScriptedBrushAsset] Asset key 'templeRandom' for file '/Server/ScriptedBrushes/Archive/templeRandom.json' has incorrect format! Expected: 'TempleRandom'
[2026/01/18 16:26:53   WARN] [AssetStore|ScriptedBrushAsset] Asset key 'templeDestruction' for file '/Server/ScriptedBrushes/Archive/templeDestruction.json' has incorrect format! Expected: 'TempleDestruction'
[2026/01/18 16:26:53   WARN] [AssetStore|ScriptedBrushAsset] Asset key 'moltenBall' for file '/Server/ScriptedBrushes/Archive/moltenBall.json' has incorrect format! Expected: 'MoltenBall'
[2026/01/18 16:26:53   WARN] [AssetStore|ScriptedBrushAsset] Asset key 'templeWalls' for file '/Server/ScriptedBrushes/Archive/templeWalls.json' has incorrect format! Expected: 'TempleWalls'
[2026/01/18 16:26:53   WARN]         [AssetStore|BiomeAsset] Unused key(s) in 'Something' file /Server/HytaleGenerator/Biomes/Experimental/Something.json: Terrain.Density.Inputs.0.Inputs.0.Inputs.0.Inputs.0.CacheSize, Terrain.Density.Inputs.0.Inputs.0.Inputs.0.Inputs.1.Inputs.0.CacheSize, Terrain.Density.Inputs.0.Inputs.0.Inputs.1.Inputs.0.CacheSize, Terrain.Density.Inputs.0.Inputs.0.Inputs.1.Inputs.1.Inputs.0.Inputs.0.Inputs.0.Inputs.0.Sampled, Terrain.Density.Inputs.0.Inputs.0.Inputs.1.Inputs.3.Inputs.0.Inputs.0.CacheSize, Terrain.Density.Inputs.0.Inputs.1.Inputs.0.CacheSize, Terrain.Density.Inputs.0.Inputs.1.Inputs.1.Inputs.0.Inputs.0.CacheSize
[2026/01/18 16:26:53   WARN]         [AssetStore|BiomeAsset] Unused key(s) in 'Example_Mixer_Gradient' file /Server/HytaleGenerator/Biomes/Examples/Example_Mixer_Gradient.json: Terrain.Density.Inputs.0.Inputs.0.Inputs.0.Inputs.0.Inputs.0.Inputs.0.CacheSize, Terrain.Density.Inputs.1.Inputs.0.Inputs.0.Inputs.0.Inputs.0.Inputs.0.CacheSize, Terrain.Density.Inputs.2.Inputs.0.CacheSize
[2026/01/18 16:26:53   WARN]         [AssetStore|BiomeAsset] Unused key(s) in 'Example_Prop' file /Server/HytaleGenerator/Biomes/Examples/Example_Prop.json: Terrain.Density.Inputs.0.CacheSize
[2026/01/18 16:26:53   WARN]               [HytaleGenerator] Duplicate export name for asset: Taiga1_Rewood_Trees_Mask
[2026/01/18 16:26:53   WARN]         [AssetStore|BiomeAsset] Unused key(s) in 'Boreal1_Henges' file /Server/HytaleGenerator/Biomes/Boreal1/Boreal1_Henges.json: Terrain.Density.Inputs.0.Inputs.1.Inputs.0.Inputs.0.Inputs.0.Inputs.1.Inputs.0.Inputs.0.Inputs.0.Positions.Positions.OffsetX, Terrain.Density.Inputs.0.Inputs.1.Inputs.0.Inputs.0.Inputs.0.Inputs.1.Inputs.0.Inputs.0.Inputs.0.Positions.Positions.OffsetY, Terrain.Density.Inputs.0.Inputs.1.Inputs.0.Inputs.0.Inputs.0.Inputs.1.Inputs.0.Inputs.0.Inputs.0.Positions.Positions.OffsetZ, Terrain.Density.Inputs.0.Inputs.1.Inputs.0.Inputs.1.Inputs.0.Inputs.1.Inputs.0.Inputs.0.Inputs.0.Inputs.0.Positions.Positions.OffsetX, Terrain.Density.Inputs.0.Inputs.1.Inputs.0.Inputs.1.Inputs.0.Inputs.1.Inputs.0.Inputs.0.Inputs.0.Inputs.0.Positions.Positions.OffsetY, Terrain.Density.Inputs.0.Inputs.1.Inputs.0.Inputs.1.Inputs.0.Inputs.1.Inputs.0.Inputs.0.Inputs.0.Inputs.0.Positions.Positions.OffsetZ
[2026/01/18 16:26:53   WARN]         [AssetStore|BiomeAsset] Unused key(s) in 'Fake3dNoise' file /Server/HytaleGenerator/Biomes/Examples/Fake3dNoise.json: Terrain.Density.Inputs.1.CacheSize, Terrain.Density.Inputs.2.Inputs.1.Inputs.0.Inputs.0.CacheSize, Terrain.Density.Inputs.2.Inputs.1.Inputs.0.Inputs.1.CacheSize, Terrain.Density.Inputs.2.Inputs.1.Inputs.0.Inputs.2.CacheSize, Terrain.Density.Inputs.2.Inputs.1.Inputs.0.Inputs.3.CacheSize, Terrain.Density.Inputs.2.Inputs.1.Inputs.0.Inputs.4.CacheSize, Terrain.Density.Inputs.2.Inputs.1.Inputs.0.Inputs.5.CacheSize
[2026/01/18 16:26:53   WARN]               [HytaleGenerator] Duplicate export name for asset: pattern1
[2026/01/18 16:26:53 SEVERE]                          [SERR] Reallocate: 131072 to 1179648
[2026/01/18 16:26:53   WARN]         [AssetStore|BiomeAsset] Unused key(s) in 'Example_Fluid' file /Server/HytaleGenerator/Biomes/Examples/Example_Fluid.json: Terrain.Density.Inputs.0.CacheSize, MaterialProvider.Empty.Queue.0.BaseHeight
[2026/01/18 16:26:53   WARN]               [HytaleGenerator] Duplicate export name for asset: werstjrtydkm,
[2026/01/18 16:26:53   WARN]               [HytaleGenerator] Duplicate export name for asset: werstjrtydkm,
[2026/01/18 16:26:53   WARN]         [AssetStore|BiomeAsset] Unused key(s) in 'CursebreakerKeyartBiome' file /Server/HytaleGenerator/Biomes/Experimental/CursebreakerKeyartBiome.json: Terrain.Density.Inputs.0.Inputs.0.Inputs.0.Inputs.0.Inputs.0.Inputs.0.CacheSize, Terrain.Density.Inputs.0.Inputs.0.Inputs.0.Inputs.1.Inputs.0.Inputs.0.CacheSize, Terrain.Density.Inputs.0.Inputs.0.Inputs.1.Inputs.0.Inputs.0.Inputs.0.Inputs.0.CacheSize, Terrain.Density.Inputs.0.Inputs.1.Inputs.0.Inputs.0.Inputs.0.CacheSize
[2026/01/18 16:26:53   WARN]         [AssetStore|BiomeAsset] Unused key(s) in 'SingleInstance_Test' file /Server/HytaleGenerator/Biomes/Examples/SingleInstance_Test.json: Terrain.Density.Inputs.0.Inputs.1.SingleInstance
[2026/01/18 16:26:53   WARN]               [HytaleGenerator] Duplicate export name for asset: River-Boulders-Mask
[2026/01/18 16:26:53   WARN]         [AssetStore|BiomeAsset] Unused key(s) in 'Example_Multi_Mixer_Curve' file /Server/HytaleGenerator/Biomes/Examples/Example_Multi_Mixer_Curve.json: Terrain.Density.Inputs.0.Inputs.0.Inputs.0.Inputs.0.CacheSize, Terrain.Density.Inputs.0.Inputs.1.Inputs.0.Inputs.0.Inputs.0.Inputs.0.CacheSize, Terrain.Density.Inputs.0.Inputs.1.Inputs.0.Inputs.0.Inputs.0.Inputs.1.CacheSize, Terrain.Density.Inputs.0.Inputs.1.Inputs.0.Inputs.0.Inputs.0.Inputs.2.CacheSize, Terrain.Density.Inputs.0.Inputs.1.Inputs.1.CacheSize, Terrain.Density.Inputs.1.Inputs.0.CacheSize
[2026/01/18 16:26:53   WARN]               [HytaleGenerator] Duplicate export name for asset: Desert1_Rivers_Cliffs
[2026/01/18 16:26:53   WARN]               [HytaleGenerator] Duplicate export name for asset: River-Boulders-Mask
[2026/01/18 16:26:53   WARN]         [AssetStore|BiomeAsset] Unused key(s) in 'Basic' file /Server/HytaleGenerator/Biomes/Basic.json: Props.0.Assignments.Prop.BoxBlockType
[2026/01/18 16:26:53   WARN]         [AssetStore|BiomeAsset] Unused key(s) in 'Arches' file /Server/HytaleGenerator/Biomes/Experimental/Arches.json: Terrain.Density.Inputs.0.Inputs.0.Inputs.0.Inputs.0.Inputs.0.CacheSize, Terrain.Density.Inputs.0.Inputs.1.Inputs.0.Inputs.0.Inputs.0.CacheSize, Terrain.Density.Inputs.0.Inputs.1.Inputs.0.Inputs.0.Inputs.0.Inputs.0.ReturnType.Density.CacheSize, Terrain.Density.Inputs.0.Inputs.1.Inputs.0.Inputs.1.Inputs.0.CacheSize, Terrain.Density.Inputs.0.Inputs.1.Inputs.0.Inputs.1.Inputs.0.Inputs.0.ReturnType.Density.Inputs.0.Inputs.0.Inputs.0.CacheSize, Terrain.Density.Inputs.0.Inputs.1.Inputs.0.Inputs.2.Inputs.0.CacheSize
[2026/01/18 16:26:53   INFO]               [HytaleGenerator] Exported Scanner asset with name 'BasicForestTreeScanner' with asset id 'null
[2026/01/18 16:26:53   WARN]               [HytaleGenerator] Duplicate export name for asset: River-Boulders-Mask
[2026/01/18 16:26:53 SEVERE]                          [SERR] Reallocate: 131072 to 1179648
[2026/01/18 16:26:53   WARN]         [AssetStore|BiomeAsset] Unused key(s) in 'Example_Multi_Mixer_Horizontal' file /Server/HytaleGenerator/Biomes/Examples/Example_Multi_Mixer_Horizontal.json: Terrain.Density.Inputs.0.Inputs.0.Inputs.0.Inputs.0.CacheSize, Terrain.Density.Inputs.0.Inputs.0.Inputs.0.Inputs.1.CacheSize, Terrain.Density.Inputs.0.Inputs.0.Inputs.0.Inputs.2.CacheSize, Terrain.Density.Inputs.0.Inputs.0.Inputs.0.Inputs.3.CacheSize
[2026/01/18 16:26:53   WARN]         [AssetStore|BiomeAsset] Unused key(s) in 'Example_Mixer' file /Server/HytaleGenerator/Biomes/Examples/Example_Mixer.json: Terrain.Density.Inputs.0.CacheSize, Terrain.Density.Inputs.1.Inputs.2.Inputs.0.CacheSize
[2026/01/18 16:26:53   WARN]               [HytaleGenerator] Duplicate export name for asset: Plains1-Gorges-BaseTerrain
[2026/01/18 16:26:53   WARN]         [AssetStore|BiomeAsset] Unused key(s) in 'Dunes' file /Server/HytaleGenerator/Biomes/Experimental/Dunes.json: Terrain.Density.Inputs.0.Inputs.0.Inputs.0.Inputs.0.Inputs.0.Inputs.1.Inputs.0.Inputs.0.Inputs.0.CacheSize, Terrain.Density.Inputs.0.Inputs.0.Inputs.0.Inputs.0.Inputs.0.Inputs.1.Inputs.0.Inputs.1.Inputs.0.CacheSize, Terrain.Density.Inputs.0.Inputs.0.Inputs.0.Inputs.1.Inputs.0.Inputs.0.Inputs.0.CacheSize, Terrain.Density.Inputs.0.Inputs.0.Inputs.0.Inputs.1.Inputs.0.Inputs.1.Inputs.0.CacheSize, Terrain.Density.Inputs.0.Inputs.0.Inputs.1.Inputs.0.Inputs.0.Inputs.1.Inputs.0.Inputs.0.Inputs.0.CacheSize, Terrain.Density.Inputs.0.Inputs.0.Inputs.1.Inputs.0.Inputs.0.Inputs.1.Inputs.0.Inputs.1.Inputs.0.CacheSize, Terrain.Density.Inputs.0.Inputs.0.Inputs.1.Inputs.1.Inputs.0.Inputs.0.CacheSize, Terrain.Density.Inputs.0.Inputs.0.Inputs.1.Inputs.1.Inputs.1.Inputs.0.CacheSize, Terrain.Density.Inputs.0.Inputs.1.Inputs.0.Inputs.0.Inputs.0.Inputs.0.CacheSize, Terrain.Density.Inputs.0.Inputs.1.Inputs.1.Inputs.0.CacheSize, MaterialProvider.Solid.Queue.0.FieldFunction.CacheSize
[2026/01/18 16:26:53   WARN]               [HytaleGenerator] Duplicate export name for asset: River-Boulders-Mask
[2026/01/18 16:26:53   INFO]               [HytaleGenerator] Exported Scanner asset with name 'Desert1_Rocky_Trees_Dry_Scanner' with asset id 'null
[2026/01/18 16:26:53   WARN]               [HytaleGenerator] Duplicate export name for asset: BasicForestTreeScanner
[2026/01/18 16:26:53   INFO]               [HytaleGenerator] Exported Scanner asset with name 'BasicForestTreeScanner' with asset id 'null
[2026/01/18 16:26:53   INFO]               [HytaleGenerator] Exported Scanner asset with name 'Desert1_Rocky_Trees_Palm_Scanner' with asset id 'null
[2026/01/18 16:26:53   WARN]         [AssetStore|BiomeAsset] Unused key(s) in 'Volcanic1_Jungle' file /Server/HytaleGenerator/Biomes/Volcanic1/Volcanic1_Jungle.json: Props.1.Positions.OffsetX, Props.1.Positions.OffsetY, Props.1.Positions.OffsetZ, Props.2.Positions.OffsetX, Props.2.Positions.OffsetY, Props.2.Positions.OffsetZ, Props.3.Positions.OffsetX, Props.3.Positions.OffsetY, Props.3.Positions.OffsetZ
[2026/01/18 16:26:53   WARN]         [AssetStore|BiomeAsset] Unused key(s) in 'Plains1_Deeproot' file /Server/HytaleGenerator/Biomes/Plains1/Plains1_Deeproot.json: Props.5.Positions.OffsetX, Props.5.Positions.OffsetY, Props.5.Positions.OffsetZ
[2026/01/18 16:26:53 SEVERE]                          [SERR] Reallocate: 131072 to 1179648
[2026/01/18 16:26:53   WARN]         [AssetStore|BiomeAsset] Unused key(s) in 'Generative_Buildings' file /Server/HytaleGenerator/Biomes/Generative/Generative_Buildings.json: Terrain.Density.Inputs.1.Inputs.0.Inputs.0.Inputs.0.Inputs.0.Inputs.0.Inputs.0.Inputs.0.Inputs.0.Positions.Positions.Positions.OffsetX, Terrain.Density.Inputs.1.Inputs.0.Inputs.0.Inputs.0.Inputs.0.Inputs.0.Inputs.0.Inputs.0.Inputs.0.Positions.Positions.Positions.OffsetY, Terrain.Density.Inputs.1.Inputs.0.Inputs.0.Inputs.0.Inputs.0.Inputs.0.Inputs.0.Inputs.0.Inputs.0.Positions.Positions.Positions.OffsetZ
[2026/01/18 16:26:53   WARN]               [HytaleGenerator] Duplicate export name for asset: River-Boulders-Mask
[2026/01/18 16:26:53   WARN]               [HytaleGenerator] Duplicate export name for asset: River-Boulders-Mask
[2026/01/18 16:26:53   WARN]               [HytaleGenerator] Duplicate export name for asset: River-Boulders-Mask
[2026/01/18 16:26:53   WARN]               [HytaleGenerator] Duplicate export name for asset: River-Boulders-Mask
[2026/01/18 16:26:53   WARN]               [HytaleGenerator] Duplicate export name for asset: Peak
[2026/01/18 16:26:53   WARN]         [AssetStore|BiomeAsset] Unused key(s) in 'Desert1_Oasis' file /Server/HytaleGenerator/Biomes/Desert1/Desert1_Oasis.json: Props.2.Positions.Positions.OffsetX, Props.2.Positions.Positions.OffsetY, Props.2.Positions.Positions.OffsetZ, Props.3.Positions.Positions.OffsetX, Props.3.Positions.Positions.OffsetY, Props.3.Positions.Positions.OffsetZ, Props.4.Positions.Positions.OffsetX, Props.4.Positions.Positions.OffsetY, Props.4.Positions.Positions.OffsetZ, Props.5.Positions.Positions.OffsetX, Props.5.Positions.Positions.OffsetY, Props.5.Positions.Positions.OffsetZ, Props.6.Positions.Positions.OffsetX, Props.6.Positions.Positions.OffsetY, Props.6.Positions.Positions.OffsetZ
[2026/01/18 16:26:53   WARN]    [AssetStore|PrefabListAsset] Asset key 'Trees_Ash_swamp_dead' for file '/Server/PrefabList/Trees_Ash_swamp_dead.json' has incorrect format! Expected: 'Trees_Ash_Swamp_Dead'
[2026/01/18 16:26:53   WARN]    [AssetStore|PrefabListAsset] Asset key 'Trees_Ash_twisted_Giant' for file '/Server/PrefabList/Trees_Ash_twisted_Giant.json' has incorrect format! Expected: 'Trees_Ash_Twisted_Giant'
[2026/01/18 16:26:53   WARN]    [AssetStore|PrefabListAsset] Asset key 'Trees_Ash_twisted' for file '/Server/PrefabList/Trees_Ash_twisted.json' has incorrect format! Expected: 'Trees_Ash_Twisted'
[2026/01/18 16:26:53   WARN]    [AssetStore|PrefabListAsset] Asset key 'Trees_Fir_red' for file '/Server/PrefabList/Trees_Fir_red.json' has incorrect format! Expected: 'Trees_Fir_Red'
[2026/01/18 16:26:53   WARN]    [AssetStore|PrefabListAsset] Asset key 'Trees_Ash_swamp' for file '/Server/PrefabList/Trees_Ash_swamp.json' has incorrect format! Expected: 'Trees_Ash_Swamp'
[2026/01/18 16:26:53   WARN]    [AssetStore|PrefabListAsset] Asset key 'Trees_Ash_twisted_Large' for file '/Server/PrefabList/Trees_Ash_twisted_Large.json' has incorrect format! Expected: 'Trees_Ash_Twisted_Large'
[2026/01/18 16:26:53   WARN]    [AssetStore|PrefabListAsset] Asset key 'Trees_Burnt_dead' for file '/Server/PrefabList/Trees_Burnt_dead.json' has incorrect format! Expected: 'Trees_Burnt_Dead'
[2026/01/18 16:26:53   WARN]     [AssetStore|ParticleSystem] Unused key(s) in 'Potion_Health_Implosion' file /Server/Particles/Status_Effect/Potion_Health/Potion_Health_Implosion.particlesystem: Spawners.0.Scale
[2026/01/18 16:26:53   WARN]     [AssetStore|ParticleSystem] Unused key(s) in 'Potion_Stamina_Burst' file /Server/Particles/Status_Effect/Potion_Stamina/Potion_Stamina_Burst.particlesystem: Spawners.0.Scale
[2026/01/18 16:26:53   WARN]     [AssetStore|ParticleSystem] Unused key(s) in 'Potion_Morph_Burst' file /Server/Particles/Status_Effect/Potion_Morph/Potion_Morph_Burst.particlesystem: Spawners.0.Scale
[2026/01/18 16:26:53   WARN]           [AssetStore|ModelVFX] Asset key 'test' for file '/Server/Entity/ModelVFX/test.json' has incorrect format! Expected: 'Test'
[2026/01/18 16:26:53   WARN]   [AssetStore|AssignmentsAsset] Unused key(s) in 'Runtime_Defect_1' file /Server/HytaleGenerator/Assignments/Dev/Runtime_Defect_1.json: Prop.BoxBlockType
[2026/01/18 16:26:53   WARN]   [AssetStore|AssignmentsAsset] Unused key(s) in 'Runtime_Defect_0' file /Server/HytaleGenerator/Assignments/Dev/Runtime_Defect_0.json: Prop.BoxBlockType
[2026/01/18 16:26:53   WARN]   [AssetStore|AssignmentsAsset] Unused key(s) in 'Plains1_Deeproot_Grasses' file /Server/HytaleGenerator/Assignments/Plains1/Plains1_Deeproot_Grasses.json: FieldFunction.CacheSize
[2026/01/18 16:26:53   WARN]               [HytaleGenerator] Duplicate export name for asset: Plains1_OakPattern_Floor_Grass
[2026/01/18 16:26:53   INFO]               [HytaleGenerator] Exported Scanner asset with name 'Desert1_Oasis_Grasses_Scanner' with asset id 'null
[2026/01/18 16:26:53   WARN]   [AssetStore|AssignmentsAsset] Unused key(s) in 'Desert1_Oasis_Grasses' file /Server/HytaleGenerator/Assignments/Desert1/Desert1_Oasis_Grasses.json: $Comments
[2026/01/18 16:26:53   WARN]   [AssetStore|AssignmentsAsset] Unused key(s) in 'Plains1_Mountains_Grasses' file /Server/HytaleGenerator/Assignments/Plains1/Plains1_Mountains_Grasses.json: FieldFunction.CacheSize
[2026/01/18 16:26:53   WARN]               [HytaleGenerator] Duplicate export name for asset: Volcanic1_Swamp_Bushes_Jungles_Pattern
[2026/01/18 16:26:53   INFO]               [HytaleGenerator] Exported Scanner asset with name 'Desert1_Boulders_Scanner' with asset id 'null
[2026/01/18 16:26:53   WARN]   [AssetStore|AssignmentsAsset] Unused key(s) in 'Desert1_Oasis_Boulders' file /Server/HytaleGenerator/Assignments/Desert1/Desert1_Oasis_Boulders.json: $Comments
[2026/01/18 16:26:53   WARN]               [HytaleGenerator] Duplicate export name for asset: Plains1_OakPattern_Floor_Grass
[2026/01/18 16:26:53   INFO]               [HytaleGenerator] Exported Scanner asset with name 'Desert1_Boab_Scanner' with asset id 'null
[2026/01/18 16:26:53   INFO]               [HytaleGenerator] Exported Scanner asset with name 'Plains1_Gorges_Boulder_Scanner' with asset id 'null
[2026/01/18 16:26:53   WARN]   [AssetStore|AssignmentsAsset] Unused key(s) in 'Plains1_Oak_Bushes' file /Server/HytaleGenerator/Assignments/Plains1/Plains1_Oak_Bushes.json: FieldFunction.CacheSize
[2026/01/18 16:26:53   WARN]   [AssetStore|AssignmentsAsset] Unused key(s) in 'Desert1_Oasis_Flowers' file /Server/HytaleGenerator/Assignments/Desert1/Desert1_Oasis_Flowers.json: $Comments
[2026/01/18 16:26:53   INFO]               [HytaleGenerator] Exported Scanner asset with name 'Plains1_Gorges_Tree_Scanner' with asset id 'null
[2026/01/18 16:26:53   WARN]               [HytaleGenerator] Duplicate export name for asset: Desert1_Boulders_Scanner
[2026/01/18 16:26:53   INFO]               [HytaleGenerator] Exported Scanner asset with name 'Desert1_Boulders_Scanner' with asset id 'null
[2026/01/18 16:26:53   WARN]               [HytaleGenerator] Duplicate export name for asset: Plains1_Sticks
[2026/01/18 16:26:53   WARN]               [HytaleGenerator] Duplicate export name for asset: Plains1_OakPattern_Floor_Grass
[2026/01/18 16:26:53   WARN]   [AssetStore|AssignmentsAsset] Unused key(s) in 'Taiga1_Rivers_Grasses' file /Server/HytaleGenerator/Assignments/Taiga1/Taiga1_Rivers_Grasses.json: $Comments
[2026/01/18 16:26:53   INFO]               [HytaleGenerator] Exported Scanner asset with name 'Desert1_Oasis_Plants_2_Scanner' with asset id 'null
[2026/01/18 16:26:53   WARN]   [AssetStore|AssignmentsAsset] Unused key(s) in 'Desert1_Oasis_Flowers_2' file /Server/HytaleGenerator/Assignments/Desert1/Desert1_Oasis_Flowers_2.json: $Comments
[2026/01/18 16:26:53   INFO]               [HytaleGenerator] Exported Scanner asset with name 'Desert1_Dry_Scanner' with asset id 'null
[2026/01/18 16:26:53   WARN]   [AssetStore|AssignmentsAsset] Unused key(s) in 'Desert1_Oasis_Trees_Dry' file /Server/HytaleGenerator/Assignments/Desert1/Desert1_Oasis_Trees_Dry.json: $Comments
[2026/01/18 16:26:53   INFO]               [HytaleGenerator] Exported Scanner asset with name 'Desert1_Palm_Scanner' with asset id 'null
[2026/01/18 16:26:53   INFO]             [CollisionModule|P] Block extents for CollisionSystem is Max=3.0, Min=0.0
[2026/01/18 16:26:53   INFO]             [HytaleGenerator|P] Loaded Settings asset.
[2026/01/18 16:26:53   WARN]        [AssetStore|Environment] Asset key 'Env_Temple_of_Gaia' for file '/Server/Environments/Unique/Env_Temple_of_Gaia.json' has incorrect format! Expected: 'Env_Temple_Of_Gaia'
[2026/01/18 16:26:53   WARN] [AssetStore|WorldStructureAsset] Unused key(s) in 'Interpolation' file /Server/HytaleGenerator/WorldStructures/Dev/Interpolation.json: BiomeTransitions
[2026/01/18 16:26:53   WARN]               [BlockSetModule|P] Creating block sets: Failed to find block name 'Furniture_Temple_Light_Statue'
[2026/01/18 16:26:53   WARN]               [BlockSetModule|P] Creating block sets: Failed to find block name 'Ingredient_Hay'
[2026/01/18 16:26:54   WARN]               [BlockSetModule|P] Creating block sets: Failed to find block name 'Wood_Softwood_Planks'
[2026/01/18 16:26:54   WARN]               [BlockSetModule|P] Creating block sets: Failed to find block name 'Furniture_Feran_Bed'
[2026/01/18 16:26:54   WARN]               [BlockSetModule|P] Creating block sets: Failed to find block name 'Coop_Chicken'
[2026/01/18 16:26:54   WARN]               [BlockSetModule|P] Creating block sets: Failed to find hitbox name 'Fence'
[2026/01/18 16:26:54   WARN]               [BlockSetModule|P] Creating block sets: Failed to find hitbox name 'Fence_Gate'
[2026/01/18 16:26:54   WARN]               [BlockSetModule|P] Creating block sets: Failed to find hitbox name 'Fence_Gate_Open_In'
[2026/01/18 16:26:54   WARN]               [BlockSetModule|P] Creating block sets: Failed to find hitbox name 'Fence_Gate_Open_Out'
[2026/01/18 16:26:54   WARN]               [BlockSetModule|P] Creating block sets: Failed to find hitbox name 'Fence_Thin'
[2026/01/18 16:26:54   WARN]               [BlockSetModule|P] Creating block sets: Failed to find hitbox name 'Fence_Thick'
[2026/01/18 16:26:54   WARN]               [BlockSetModule|P] Creating block sets: Failed to find hitbox name 'Fence_Corner'
[2026/01/18 16:26:54   WARN]               [BlockSetModule|P] Creating block sets: Failed to find hitbox name 'Fence_Corner_Thin'
[2026/01/18 16:26:54   WARN]               [BlockSetModule|P] Creating block sets: Failed to find hitbox name 'Fence_Corner_Thick'
[2026/01/18 16:26:54   WARN]               [BlockSetModule|P] Creating block sets: Failed to find block name 'Furniture_Crude_Bed'
[2026/01/18 16:26:54   WARN]               [BlockSetModule|P] Creating block sets: Failed to find block name 'Soil_Grass'
[2026/01/18 16:26:54   WARN]               [BlockSetModule|P] Creating block sets: Failed to find block name 'Soil_Dirt'
[2026/01/18 16:26:54   WARN]               [BlockSetModule|P] Creating block sets: Failed to find block name 'Soil_Dirt_Poisoned'
[2026/01/18 16:26:54   WARN]               [BlockSetModule|P] Creating block sets: Failed to find block name 'Soil_Mud'
[2026/01/18 16:26:54   WARN]               [BlockSetModule|P] Creating block sets: Failed to find block name 'Soil_Gravel_Sand'
[2026/01/18 16:26:54   WARN]               [BlockSetModule|P] Creating block sets: Failed to find block name 'Soil_Dirt'
[2026/01/18 16:26:54   WARN]               [BlockSetModule|P] Creating block sets: Failed to find block name 'Soil_Clay'
[2026/01/18 16:26:54   WARN]               [BlockSetModule|P] Creating block sets: Failed to find block name 'Rock_Stone'
[2026/01/18 16:26:54   WARN]               [BlockSetModule|P] Creating block sets: Failed to find block name 'Rock_Marble'
[2026/01/18 16:26:54   WARN]               [BlockSetModule|P] Creating block sets: Failed to find block name 'Rock_Chalk'
[2026/01/18 16:26:54   WARN]        [AssetStore|EntityEffect] Unused key(s) in 'Food_EffectCondition_Buff_Small' file /Server/Entity/Effects/Food/Buff/_Deprecated/Food_EffectCondition_Buff_Small.json: Type, EntityEffectIds, Match, Next, Failed
[2026/01/18 16:26:54   WARN]        [AssetStore|EntityEffect] Unused key(s) in 'Food_EffectCondition_Buff_Medium' file /Server/Entity/Effects/Food/Buff/_Deprecated/Food_EffectCondition_Buff_Medium.json: Type, EntityEffectIds, Match, Next, Failed
[2026/01/18 16:26:54   WARN]         [AssetStore|Interaction] Unused key(s) in 'Ice_Bolt_Miss' file /Server/Item/Interactions/Weapons/Staff/Ice/Ice_Bolt_Miss.json: Effects.WorldParticles
[2026/01/18 16:26:54   WARN]         [AssetStore|Interaction] Unused key(s) in 'Explode_Generic' file /Server/Item/Interactions/Explosions/Explode_Generic.json: Config.Knockback.VelocityConfig.Direction
[2026/01/18 16:26:54   WARN]         [AssetStore|Interaction] Unused key(s) in 'Weapon_Battleaxe_Primary_Downstrike_Force' file /Server/Item/Interactions/Weapons/Battleaxe/Primary/Downstrike/Weapon_Battleaxe_Primary_Downstrike_Force.json: MouseSensitivityAdjustmentTarget, MouseSensitivityAdjustmentDuration
[2026/01/18 16:26:54   WARN]         [AssetStore|Interaction] Unused key(s) in 'Weapon_Daggers_Primary_Pounce_Stab_Force' file /Server/Item/Interactions/Weapons/Daggers/Primary/Pounce/Stab/Weapon_Daggers_Primary_Pounce_Stab_Force.json: VelocityType
[2026/01/18 16:26:54   WARN]         [AssetStore|Interaction] Unused key(s) in 'Ice_Ball_Miss' file /Server/Item/Interactions/Weapons/Staff/Ice/Ice_Ball_Miss.json: Effects.WorldParticles
[2026/01/18 16:26:54   WARN]         [AssetStore|Interaction] Unused key(s) in '*Weapon_Sword_Signature_Vortexstrike_Spin_Selector_Next': Next
[2026/01/18 16:26:54   WARN]         [AssetStore|Interaction] Unused key(s) in '*Weapon_Daggers_Primary_Pounce_Stab_Selector_Next': Next
[2026/01/18 16:26:54   WARN]         [AssetStore|Interaction] Unused key(s) in '**Projectile_Config_Scarak_Seeker_Spitball_Interactions_ProjectileMiss_Interactions_0': Effects.WorldParticles
[2026/01/18 16:26:54   WARN]         [AssetStore|Interaction] Unused key(s) in '**Projectile_Config_Ice_Ball_Interactions_ProjectileMiss_Interactions_0': Effects.WorldParticles
[2026/01/18 16:26:54   WARN]         [AssetStore|Interaction] Unused key(s) in '**Projectile_Config_Ice_Bolt_Interactions_ProjectileMiss_Interactions_0': Effects.WorldParticles
[2026/01/18 16:26:54   WARN]         [AssetStore|Interaction] Unused key(s) in '**Projectile_Config_Scarak_Seeker_Spitball_Interactions_ProjectileHit_Interactions_0': Entity
[2026/01/18 16:26:54   WARN]               [BlockSetModule|P] Creating block sets: Failed to find block name 'Furniture_Temple_Light_Statue'
[2026/01/18 16:26:54   WARN]               [BlockSetModule|P] Creating block sets: Failed to find block name 'Ingredient_Hay'
[2026/01/18 16:26:54   WARN]               [BlockSetModule|P] Creating block sets: Failed to find block name 'Wood_Softwood_Planks'
[2026/01/18 16:26:54   WARN]               [BlockSetModule|P] Creating block sets: Failed to find block name 'Furniture_Feran_Bed'
[2026/01/18 16:26:54   WARN]               [BlockSetModule|P] Creating block sets: Failed to find block name 'Coop_Chicken'
[2026/01/18 16:26:54   WARN]               [BlockSetModule|P] Creating block sets: Failed to find hitbox name 'Fence'
[2026/01/18 16:26:54   WARN]               [BlockSetModule|P] Creating block sets: Failed to find hitbox name 'Fence_Gate'
[2026/01/18 16:26:54   WARN]               [BlockSetModule|P] Creating block sets: Failed to find hitbox name 'Fence_Gate_Open_In'
[2026/01/18 16:26:54   WARN]               [BlockSetModule|P] Creating block sets: Failed to find hitbox name 'Fence_Gate_Open_Out'
[2026/01/18 16:26:54   WARN]               [BlockSetModule|P] Creating block sets: Failed to find hitbox name 'Fence_Thin'
[2026/01/18 16:26:54   WARN]               [BlockSetModule|P] Creating block sets: Failed to find hitbox name 'Fence_Thick'
[2026/01/18 16:26:54   WARN]               [BlockSetModule|P] Creating block sets: Failed to find hitbox name 'Fence_Corner'
[2026/01/18 16:26:54   WARN]               [BlockSetModule|P] Creating block sets: Failed to find hitbox name 'Fence_Corner_Thin'
[2026/01/18 16:26:54   WARN]               [BlockSetModule|P] Creating block sets: Failed to find hitbox name 'Fence_Corner_Thick'
[2026/01/18 16:26:54   WARN]               [BlockSetModule|P] Creating block sets: Failed to find block name 'Furniture_Crude_Bed'
[2026/01/18 16:26:54   WARN]               [BlockSetModule|P] Creating block sets: Failed to find block name 'Soil_Grass'
[2026/01/18 16:26:54   WARN]               [BlockSetModule|P] Creating block sets: Failed to find block name 'Soil_Dirt'
[2026/01/18 16:26:54   WARN]               [BlockSetModule|P] Creating block sets: Failed to find block name 'Soil_Dirt_Poisoned'
[2026/01/18 16:26:54   WARN]               [BlockSetModule|P] Creating block sets: Failed to find block name 'Soil_Mud'
[2026/01/18 16:26:54   WARN]               [BlockSetModule|P] Creating block sets: Failed to find block name 'Soil_Gravel_Sand'
[2026/01/18 16:26:54   WARN]               [BlockSetModule|P] Creating block sets: Failed to find block name 'Soil_Dirt'
[2026/01/18 16:26:54   WARN]               [BlockSetModule|P] Creating block sets: Failed to find block name 'Soil_Clay'
[2026/01/18 16:26:54   WARN]               [BlockSetModule|P] Creating block sets: Failed to find block name 'Rock_Stone'
[2026/01/18 16:26:54   WARN]               [BlockSetModule|P] Creating block sets: Failed to find block name 'Rock_Marble'
[2026/01/18 16:26:54   WARN]               [BlockSetModule|P] Creating block sets: Failed to find block name 'Rock_Chalk'
[2026/01/18 16:26:54   WARN]                [AssetStore|Item] Failed to validate asset!
Id: Tool_Hatchet_Crude
Path: /Server/Item/Items/Tool/Hatchet/Tool_Hatchet_Crude.json
Key: Recipe
Results:
	WARNING: Bench Requirement in recipe for 'Fieldcraft' should not have a delay (TimeSeconds) set!

[2026/01/18 16:26:54   WARN]                [AssetStore|Item] Failed to validate asset!
Id: Bench_Builders
Path: /Server/Item/Items/Bench/Bench_Builders.json
Key: Recipe
Results:
	WARNING: Bench Requirement in recipe for 'Fieldcraft' should not have a delay (TimeSeconds) set!

[2026/01/18 16:26:54   WARN]                [AssetStore|Item] Failed to validate asset!
Id: Furniture_Crude_Torch
Path: /Server/Item/Items/Furniture/Crude/Unique/Furniture_Crude_Torch.json
Key: Recipe
Results:
	WARNING: Bench Requirement in recipe for 'Fieldcraft' should not have a delay (TimeSeconds) set!

[2026/01/18 16:26:54   WARN]                [AssetStore|Item] Failed to validate asset!
Id: Bench_Campfire
Path: /Server/Item/Items/Bench/Bench_Campfire.json
Key: Recipe
Results:
	WARNING: Bench Requirement in recipe for 'Fieldcraft' should not have a delay (TimeSeconds) set!

[2026/01/18 16:26:54   WARN]                [AssetStore|Item] Failed to validate asset!
Id: Tool_Pickaxe_Crude
Path: /Server/Item/Items/Tool/Pickaxe/Tool_Pickaxe_Crude.json
Key: Recipe
Results:
	WARNING: Bench Requirement in recipe for 'Fieldcraft' should not have a delay (TimeSeconds) set!

[2026/01/18 16:26:54   WARN]                [AssetStore|Item] Failed to validate asset!
Id: Furniture_Crude_Chest_Small
Path: /Server/Item/Items/Furniture/Crude/Furniture_Crude_Chest_Small.json
Key: Recipe
Results:
	WARNING: Bench Requirement in recipe for 'Fieldcraft' should not have a delay (TimeSeconds) set!

[2026/01/18 16:26:54   WARN]                [AssetStore|Item] Failed to validate asset!
Id: Furniture_Crude_Bed
Path: /Server/Item/Items/Furniture/Crude/Furniture_Crude_Bed.json
Key: Recipe
Results:
	WARNING: Bench Requirement in recipe for 'Fieldcraft' should not have a delay (TimeSeconds) set!

[2026/01/18 16:26:54   WARN]                [AssetStore|Item] Failed to validate asset!
Id: Weapon_Sword_Crude
Path: /Server/Item/Items/Weapon/Sword/Weapon_Sword_Crude.json
Key: Recipe
Results:
	WARNING: Bench Requirement in recipe for 'Fieldcraft' should not have a delay (TimeSeconds) set!

[2026/01/18 16:26:54   WARN]         [AssetStore|Interaction] Unused key(s) in '**Template_Weapon_Crossbow_InteractionVars_Guard_Bash_Interactions_1': Effects, StatModifiers
[2026/01/18 16:26:54   WARN]         [AssetStore|Interaction] Unused key(s) in '**Weapon_Staff_Thorium_InteractionVars_Staff_Cast_Summon_Charged_Interactions_0': Costs
[2026/01/18 16:26:54   WARN]         [AssetStore|Interaction] Unused key(s) in '**Weapon_Staff_Iron_InteractionVars_Staff_Cast_Summon_Charged_Interactions_0': Costs
[2026/01/18 16:26:54   WARN]         [AssetStore|Interaction] Unused key(s) in '**Weapon_Staff_Bone_InteractionVars_Staff_Cast_Summon_Charged_Interactions_0': Costs
[2026/01/18 16:26:54   WARN]         [AssetStore|Interaction] Unused key(s) in '**Weapon_Staff_Copper_InteractionVars_Staff_Cast_Summon_Charged_Interactions_0': Costs
[2026/01/18 16:26:54   WARN]         [AssetStore|Interaction] Unused key(s) in '**Halloween_Broomstick_InteractionVars_Staff_Cast_Summon_Charged_Interactions_0': Costs
[2026/01/18 16:26:54   WARN]         [AssetStore|Interaction] Unused key(s) in '**Weapon_Staff_Cobalt_InteractionVars_Staff_Cast_Summon_Charged_Interactions_0': Costs
[2026/01/18 16:26:54   WARN]         [AssetStore|Interaction] Unused key(s) in '**Weapon_Staff_Doomed_InteractionVars_Staff_Cast_Summon_Charged_Interactions_0': Costs
[2026/01/18 16:26:54   WARN]         [AssetStore|Interaction] Unused key(s) in '**Weapon_Staff_Adamantite_InteractionVars_Staff_Cast_Summon_Charged_Interactions_0': Costs
[2026/01/18 16:26:54   WARN]         [AssetStore|Interaction] Unused key(s) in '**Template_Weapon_Shield_InteractionVars_Guard_Bash_Interactions_1': Effects, StatModifiers
[2026/01/18 16:26:54   WARN]         [AssetStore|Interaction] Unused key(s) in '**Weapon_Staff_Onion_InteractionVars_Staff_Cast_Summon_Charged_Interactions_0': Costs
[2026/01/18 16:26:54   WARN]         [AssetStore|Interaction] Unused key(s) in '**Weapon_Staff_Cane_InteractionVars_Staff_Cast_Summon_Charged_Interactions_0': Costs
[2026/01/18 16:26:54   WARN]         [AssetStore|Interaction] Unused key(s) in '**Weapon_Staff_Mithril_InteractionVars_Staff_Cast_Summon_Charged_Interactions_0': Costs
[2026/01/18 16:26:54   WARN]         [AssetStore|Interaction] Unused key(s) in '**Weapon_Staff_Bo_Bamboo_InteractionVars_Staff_Cast_Summon_Charged_Interactions_0': Costs
[2026/01/18 16:26:54   WARN]         [AssetStore|Interaction] Unused key(s) in '**Weapon_Staff_Wood_Kweebec_InteractionVars_Staff_Cast_Summon_Charged_Interactions_0': Costs
[2026/01/18 16:26:54   WARN]         [AssetStore|Interaction] Unused key(s) in '**Weapon_Staff_Wood_Rotten_InteractionVars_Staff_Cast_Summon_Charged_Interactions_0': Costs
[2026/01/18 16:26:54   WARN]         [AssetStore|Interaction] Unused key(s) in '**Weapon_Staff_Frost_InteractionVars_Staff_Cast_Summon_Charged_Interactions_0': Costs
[2026/01/18 16:26:54   WARN]         [AssetStore|Interaction] Unused key(s) in '**Template_Weapon_Shortbow_InteractionVars_Guard_Bash_Interactions_1': Effects, StatModifiers
[2026/01/18 16:26:54   WARN]         [AssetStore|Interaction] Unused key(s) in '**Weapon_Staff_Crystal_Purple_InteractionVars_Staff_Cast_Summon_Charged_Interactions_0': Costs
[2026/01/18 16:26:54   WARN]         [AssetStore|Interaction] Unused key(s) in '**Weapon_Staff_Crystal_Red_InteractionVars_Staff_Cast_Summon_Charged_Interactions_0': Costs
[2026/01/18 16:26:54   WARN]         [AssetStore|Interaction] Unused key(s) in '**Weapon_Staff_Wizard_InteractionVars_Staff_Cast_Summon_Charged_Interactions_0': Costs
[2026/01/18 16:26:54   WARN]         [AssetStore|Interaction] Unused key(s) in '**Weapon_Staff_Crystal_Fire_Trork_InteractionVars_Staff_Cast_Summon_Charged_Interactions_0': Costs
[2026/01/18 16:26:54   WARN]         [AssetStore|Interaction] Unused key(s) in '**Weapon_Staff_Bronze_InteractionVars_Staff_Cast_Summon_Charged_Interactions_0': Costs
[2026/01/18 16:26:54   WARN]         [AssetStore|Interaction] Unused key(s) in '**Weapon_Staff_Onyxium_InteractionVars_Staff_Cast_Summon_Charged_Interactions_0': Costs
[2026/01/18 16:26:54   WARN]         [AssetStore|Interaction] Unused key(s) in '**Weapon_Staff_Crystal_Flame_InteractionVars_Fireball_Impact_2_Interactions_0': EntityStatsOnHit
[2026/01/18 16:26:54   WARN]         [AssetStore|Interaction] Unused key(s) in '**Weapon_Staff_Bo_Wood_InteractionVars_Staff_Cast_Summon_Charged_Interactions_0': Costs
[2026/01/18 16:26:54   WARN]         [AssetStore|Interaction] Unused key(s) in '**Weapon_Shield_Copper_InteractionVars_Guard_Bash_Interactions_0': Effects, StatModifiers
[2026/01/18 16:26:54   WARN]         [AssetStore|Interaction] Unused key(s) in '**Weapon_Staff_Wood_InteractionVars_Staff_Cast_Summon_Charged_Interactions_0': Costs
[2026/01/18 16:26:54   WARN]         [AssetStore|Interaction] Unused key(s) in '**Weapon_Staff_Crystal_Flame_InteractionVars_Fireball_Impact_3_Interactions_0': EntityStatsOnHit
[2026/01/18 16:26:54   WARN]         [AssetStore|Interaction] Unused key(s) in '***Plant_Crop_Mushroom_Glowing_Green_Interactions_Secondary_Interactions_0_Next': Effects
[2026/01/18 16:26:54   WARN]         [AssetStore|Interaction] Unused key(s) in '***Plant_Seaweed_Grass_Stack_Interactions_Secondary_Interactions_0_Next': Effects
[2026/01/18 16:26:54   WARN]         [AssetStore|Interaction] Unused key(s) in '***Plant_Crop_Mushroom_Glowing_Orange_Interactions_Secondary_Interactions_0_Next': Effects
[2026/01/18 16:26:54   WARN]         [AssetStore|Interaction] Unused key(s) in '***Plant_Crop_Mushroom_Glowing_Red_Interactions_Secondary_Interactions_0_Next': Effects
[2026/01/18 16:26:54   WARN]         [AssetStore|Interaction] Unused key(s) in '***Plant_Crop_Mushroom_Glowing_Blue_Interactions_Secondary_Interactions_0_Next': Effects
[2026/01/18 16:26:54   WARN]         [AssetStore|Interaction] Unused key(s) in '***Plant_Crop_Mushroom_Glowing_Violet_Interactions_Secondary_Interactions_0_Next': Effects
[2026/01/18 16:26:54   WARN]         [AssetStore|Interaction] Unused key(s) in '***Plant_Crop_Mushroom_Glowing_Purple_Interactions_Secondary_Interactions_0_Next': Effects
[2026/01/18 16:26:54   WARN]                [AssetStore|Item] Failed to find inherited parent asset Template_Crop_Item (BlockType) for Plant_Crop_Pumpkin_Item
[2026/01/18 16:26:54   WARN]         [AssetStore|Interaction] Unused key(s) in '**Teleporter_Interactions_Use_Interactions_0': Page.WarpNameWordList
[2026/01/18 16:26:54   WARN]         [AssetStore|Interaction] Unused key(s) in '**Portal_Device_Interactions_Use_Interactions_0': Page.Config.GameplayConfig
[2026/01/18 16:26:54   WARN]           [AssetStore|BlockType] Unused key(s) in '*Prototype_Geyser_State_Definitions_Off': SoundEventId
[2026/01/18 16:26:54   WARN]           [AssetStore|BlockType] Unused key(s) in '*Prototype_Geyser_State_Definitions_On': SoundEventId
[2026/01/18 16:26:54   WARN]         [AssetStore|Interaction] Unused key(s) in '***Teleporter_State_Definitions_Active_Interactions_Use_Interactions_0': Page.WarpNameWordList
[2026/01/18 16:26:54   WARN]      [AssetStore|GameplayConfig] Unused key(s) in 'Default' file /Server/GameplayConfigs/Default.json: Ping
[2026/01/18 16:26:54   WARN]      [AssetStore|GameplayConfig] Unused key(s) in 'Default_Instance' file /Server/GameplayConfigs/Default_Instance.json: Death.LoseItems
[2026/01/18 16:26:54   INFO]            [AssetRegistryLoader] Took 1sec 262ms 170us 9ns to load all assets
[2026/01/18 16:26:54   INFO]                         [Hytale] Loading NPC assets phase...
[2026/01/18 16:26:54   INFO]                          [NPC|P] Starting to load NPC builders!
[2026/01/18 16:26:54   WARN]                          [NPC|P] Replacing asset 'Test_Patrol_Path' of file '/Server/NPC/Roles/_Core/Tests_Development/Test_Patrol_Path.json' with other file '/Server/NPC/Roles/_Core/Tests/Paths/Test_Patrol_Path.json'
[2026/01/18 16:26:55   INFO]                          [NPC|P] Validating loaded NPC configurations...
[2026/01/18 16:26:55   WARN]                          [NPC|P] Animation Wave does not exist for model Temple_Mithril_Guard!
[2026/01/18 16:26:55   WARN]                          [NPC|P] Animation Eat does not exist for model Hatworm!
[2026/01/18 16:26:55   WARN]                          [NPC|P] Animation Curious does not exist for model Hatworm!
[2026/01/18 16:26:55   WARN]                          [NPC|P] Animation GreetAnimation does not exist for model Hatworm!
[2026/01/18 16:26:55   WARN]                          [NPC|P] Animation Sleep does not exist for model Wraith_Lantern!
[2026/01/18 16:26:55   WARN]                          [NPC|P] Animation Alerted does not exist for model Wraith_Lantern!
[2026/01/18 16:26:55   WARN]                          [NPC|P] Animation Laydown does not exist for model Wraith_Lantern!
[2026/01/18 16:26:55   WARN]                          [NPC|P] Animation Wake does not exist for model Wraith_Lantern!
[2026/01/18 16:26:55   WARN]                          [NPC|P] Animation Eat does not exist for model Spark_Living!
[2026/01/18 16:26:55   WARN]                          [NPC|P] Animation Curious does not exist for model Spark_Living!
[2026/01/18 16:26:55   WARN]                          [NPC|P] Animation GreetAnimation does not exist for model Spark_Living!
[2026/01/18 16:26:55   WARN]                          [NPC|P] Animation Eat does not exist for model Trillodon!
[2026/01/18 16:26:55   WARN]                          [NPC|P] Animation Curious does not exist for model Trillodon!
[2026/01/18 16:26:55   WARN]                          [NPC|P] Animation GreetAnimation does not exist for model Trillodon!
[2026/01/18 16:26:55   WARN]                          [NPC|P] Animation Wave does not exist for model Frog_Orange!
[2026/01/18 16:26:55   WARN]                          [NPC|P] Animation GreetAnimation does not exist for model Tortoise!
[2026/01/18 16:26:55   WARN]                          [NPC|P] Animation Rally does not exist for model Outlander_Sorcerer!
[2026/01/18 16:26:55   WARN]                          [NPC|P] Animation Sleep does not exist for model Slug_Magma!
[2026/01/18 16:26:55   WARN]                          [NPC|P] Animation Alerted does not exist for model Slug_Magma!
[2026/01/18 16:26:55   WARN]                          [NPC|P] Animation Laydown does not exist for model Slug_Magma!
[2026/01/18 16:26:55   WARN]                          [NPC|P] Animation Wake does not exist for model Slug_Magma!
[2026/01/18 16:26:55   WARN]                          [NPC|P] Animation Leap does not exist for model Goblin_Duke!
[2026/01/18 16:26:55   WARN]                          [NPC|P] Animation Alerted does not exist for model Scarak_Broodmother!
[2026/01/18 16:26:55   WARN]                          [NPC|P] Animation Leap does not exist for model Goblin_Duke!
[2026/01/18 16:26:55   WARN]                          [NPC|P] Animation Leap does not exist for model Goblin_Duke_Large!
[2026/01/18 16:26:55   WARN]                          [NPC|P] Animation Alerted does not exist for model Kweebec_Rootling!
[2026/01/18 16:26:55   WARN]                          [NPC|P] Animation Rally does not exist for model Outlander_Priest!
[2026/01/18 16:26:55   WARN]                          [NPC|P] Animation Alerted does not exist for model Scarak_Broodmother!
[2026/01/18 16:26:55   WARN]                          [NPC|P] Animation Wave does not exist for model Frog_Blue!
[2026/01/18 16:26:55   WARN]                          [NPC|P] Animation Eat does not exist for model Lizard_Sand!
[2026/01/18 16:26:55   WARN]                          [NPC|P] Animation Curious does not exist for model Lizard_Sand!
[2026/01/18 16:26:55   WARN]                          [NPC|P] Animation GreetAnimation does not exist for model Lizard_Sand!
[2026/01/18 16:26:55   WARN]                          [NPC|P] Animation Alerted does not exist for model Scarak_Broodmother!
[2026/01/18 16:26:55   WARN]                          [NPC|P] Animation Sleep does not exist for model Tuluk_Fisherman!
[2026/01/18 16:26:55   WARN]                          [NPC|P] Animation Alerted does not exist for model Tuluk_Fisherman!
[2026/01/18 16:26:55   WARN]                          [NPC|P] Animation Laydown does not exist for model Tuluk_Fisherman!
[2026/01/18 16:26:55   WARN]                          [NPC|P] Animation Wake does not exist for model Tuluk_Fisherman!
[2026/01/18 16:26:55   INFO]                          [NPC|P] Validation complete.
[2026/01/18 16:26:55   INFO]                          [NPC|P] Loaded 895 NPC configurations, Test: 243, Component: 143, Abstract: 50, Variant: 417, Generic: 44
[2026/01/18 16:26:55   INFO]                         [Hytale] Loading NPC assets phase completed! Boot time 4sec 268ms 835us 383ns, Took 778ms 898us 238ns
[2026/01/18 16:26:55   INFO]                         [Hytale] Validating Spawn assets phase...
[2026/01/18 16:26:55   INFO]                         [Hytale] Spawn assets validation phase completed! Boot time 4sec 269ms 571us 176ns, Took 661us 106ns
[2026/01/18 16:26:55   INFO]                   [I18nModule|P] Loaded 7639 entries for 'en-US' from /Server/Languages
[2026/01/18 16:26:55   INFO]                   [I18nModule|P] Loaded 51 entries from /Server/Languages/fallback.lang
[2026/01/18 16:26:55   INFO]                   [HytaleServer] Starting plugin manager...
[2026/01/18 16:26:55   INFO]                  [PluginManager] Enabled plugin Hytale:WorldLocationCondition
[2026/01/18 16:26:55   INFO]                  [PluginManager] Enabled plugin Hytale:ServerManager
[2026/01/18 16:26:55   INFO]                  [PluginManager] Enabled plugin Hytale:SprintForce
[2026/01/18 16:26:55   INFO]                  [PluginManager] Enabled plugin Hytale:MigrationModule
[2026/01/18 16:26:55   INFO]                  [PluginManager] Enabled plugin Hytale:AssetModule
[2026/01/18 16:26:55   INFO]                  [PluginManager] Enabled plugin Hytale:ConsoleModule
[2026/01/18 16:26:55   INFO]                  [PluginManager] Enabled plugin Hytale:TimeModule
[2026/01/18 16:26:55   INFO]                  [PluginManager] Enabled plugin Hytale:CollisionModule
[2026/01/18 16:26:55   INFO]                  [PluginManager] Enabled plugin Hytale:DebugPlugin
[2026/01/18 16:26:55   INFO]                  [PluginManager] Enabled plugin Hytale:SplitVelocity
[2026/01/18 16:26:55   INFO]                  [PluginManager] Enabled plugin Hytale:Model
[2026/01/18 16:26:55   INFO]                  [PluginManager] Enabled plugin Hytale:CrouchSlide
[2026/01/18 16:26:55   WARN]   [io.netty.bootstrap.Bootstrap] Unknown channel option 'IP_DONTFRAGMENT' for channel '[id: 0xc006a51e]' of type 'class io.netty.channel.epoll.EpollDatagramChannel'
[2026/01/18 16:26:55   INFO]                [ServerManager|P] Listening on /[0:0:0:0:0:0:0:0]:5520 and took 1ms 571us 952ns
[2026/01/18 16:26:55   WARN]   [io.netty.bootstrap.Bootstrap] Unknown channel option 'IP_DONTFRAGMENT' for channel '[id: 0xf83593b9]' of type 'class io.netty.channel.epoll.EpollDatagramChannel'
[2026/01/18 16:26:55   INFO]                [ServerManager|P] Listening on /0.0.0.0:5520 and took 453us 243ns
[2026/01/18 16:26:55   WARN]   [io.netty.bootstrap.Bootstrap] Unknown channel option 'IP_DONTFRAGMENT' for channel '[id: 0x91e557e6]' of type 'class io.netty.channel.epoll.EpollDatagramChannel'
[2026/01/18 16:26:55   INFO]                [ServerManager|P] Listening on /[0:0:0:0:0:0:0:1]:5520 and took 375us 36ns
[2026/01/18 16:26:55   INFO]                  [PluginManager] Enabled plugin Hytale:Universe
[2026/01/18 16:26:55   INFO]                  [PluginManager] Enabled plugin Hytale:TagSet
[2026/01/18 16:26:55   INFO]                  [PluginManager] Enabled plugin Hytale:AccessControlModule
[2026/01/18 16:26:55   INFO]                  [PluginManager] Enabled plugin Hytale:CommandMacro
[2026/01/18 16:26:55   INFO]                  [PluginManager] Enabled plugin Hytale:SafetyRoll
[2026/01/18 16:26:55   INFO]                  [PluginManager] Enabled plugin Hytale:HytaleGenerator
[2026/01/18 16:26:55   INFO]                  [PluginManager] Enabled plugin Hytale:ItemModule
[2026/01/18 16:26:55   INFO]                  [PluginManager] Enabled plugin Hytale:CommonAssetModule
[2026/01/18 16:26:55   INFO]                  [PluginManager] Enabled plugin Hytale:CosmeticsModule
[2026/01/18 16:26:55   INFO]                  [PluginManager] Enabled plugin Hytale:I18nModule
[2026/01/18 16:26:55   INFO]                  [PluginManager] Enabled plugin Hytale:LegacyModule
[2026/01/18 16:26:55   INFO]                  [PluginManager] Enabled plugin Hytale:LANDiscovery
[2026/01/18 16:26:55   INFO]                  [PluginManager] Enabled plugin Hytale:Mantling
[2026/01/18 16:26:55   INFO]                  [PluginManager] Enabled plugin Hytale:PermissionsModule
[2026/01/18 16:26:55   INFO]                  [PluginManager] Enabled plugin Hytale:Deployables
[2026/01/18 16:26:55   INFO]                  [PluginManager] Enabled plugin Hytale:BlockSetModule
[2026/01/18 16:26:55   INFO]                  [PluginManager] Enabled plugin Hytale:FlyCameraModule
[2026/01/18 16:26:55   INFO]                  [PluginManager] Enabled plugin Hytale:EntityModule
[2026/01/18 16:26:55   INFO]                  [PluginManager] Enabled plugin Hytale:BlockTick
[2026/01/18 16:26:55   INFO]                  [PluginManager] Enabled plugin Hytale:BlockHealthModule
[2026/01/18 16:26:55   INFO]                  [PluginManager] Enabled plugin Hytale:InteractionModule
[2026/01/18 16:26:55   INFO]                  [PluginManager] Enabled plugin Hytale:ServerPlayerListModule
[2026/01/18 16:26:55   INFO]                  [PluginManager] Enabled plugin Hytale:ConnectedBlocksModule
[2026/01/18 16:26:55   INFO]                  [PluginManager] Enabled plugin Hytale:BlockTypeModule
[2026/01/18 16:26:55   INFO]                  [PluginManager] Enabled plugin Hytale:BlockModule
[2026/01/18 16:26:55   INFO]                  [PluginManager] Enabled plugin Hytale:Weather
[2026/01/18 16:26:55   INFO]                  [World|default] Loading world 'default' with generator type: 'HytaleWorldGenProvider{name='Default', path='null'}' and chunk storage: 'DefaultChunkStorageProvider{DEFAULT=IndexedStorageChunkStorageProvider{}}'...
[2026/01/18 16:26:55   INFO]                  [PluginManager] Enabled plugin Hytale:Reputation
[2026/01/18 16:26:55   INFO]                  [PluginManager] Enabled plugin Hytale:Parkour
[2026/01/18 16:26:55   INFO]                  [PluginManager] Enabled plugin Hytale:ProjectileModule
[2026/01/18 16:26:55   INFO]                  [PluginManager] Enabled plugin Hytale:Teleport
[2026/01/18 16:26:55   INFO]                  [PluginManager] Enabled plugin Hytale:WorldGen
[2026/01/18 16:26:55   INFO]                  [PluginManager] Enabled plugin Hytale:BlockStateModule
[2026/01/18 16:26:55   INFO]                  [PluginManager] Enabled plugin Hytale:AssetEditor
[2026/01/18 16:26:55   INFO]                  [PluginManager] Enabled plugin Hytale:Ambience
[2026/01/18 16:26:55   INFO]                  [PluginManager] Enabled plugin Hytale:Teleporter
[2026/01/18 16:26:55   INFO]                  [PluginManager] Enabled plugin Hytale:BlockPhysics
[2026/01/18 16:26:55   INFO]                  [PluginManager] Enabled plugin Hytale:BuilderTools
[2026/01/18 16:26:55   INFO]                  [PluginManager] Enabled plugin Hytale:Farming
[2026/01/18 16:26:55   INFO]                  [PluginManager] Enabled plugin Hytale:Fluid
[2026/01/18 16:26:55   INFO]                [BarterShopState] Loaded barter shop state with 0 shops
[2026/01/18 16:26:55   INFO]                         [Shop|P] Barter shop state initialized
[2026/01/18 16:26:55   INFO]                  [PluginManager] Enabled plugin Hytale:Shop
[2026/01/18 16:26:55   INFO]                  [PluginManager] Enabled plugin Hytale:Crafting
[2026/01/18 16:26:55   INFO]                  [PluginManager] Enabled plugin Hytale:SingleplayerModule
[2026/01/18 16:26:55   INFO]                  [PluginManager] Enabled plugin Hytale:ShopReputation
[2026/01/18 16:26:55   INFO]                  [PluginManager] Enabled plugin Hytale:EntityStatsModule
[2026/01/18 16:26:55   INFO]                  [PluginManager] Enabled plugin Hytale:BlockSpawner
[2026/01/18 16:26:55   INFO]                  [PluginManager] Enabled plugin Hytale:PrefabSpawnerModule
[2026/01/18 16:26:55   INFO]                  [PluginManager] Enabled plugin Hytale:Instances
[2026/01/18 16:26:55   INFO]                  [PluginManager] Enabled plugin Hytale:Objectives
[2026/01/18 16:26:55   INFO]                  [PluginManager] Enabled plugin Hytale:Path
[2026/01/18 16:26:55   INFO]                  [PluginManager] Enabled plugin Hytale:EntityUIModule
[2026/01/18 16:26:55   INFO]                  [PluginManager] Enabled plugin Hytale:Stash
[2026/01/18 16:26:55   INFO]                  [PluginManager] Enabled plugin Hytale:StaminaModule
[2026/01/18 16:26:55   INFO]                  [PluginManager] Enabled plugin Hytale:ObjectiveShop
[2026/01/18 16:26:55   INFO]                  [PluginManager] Enabled plugin Hytale:ObjectiveReputation
[2026/01/18 16:26:55   INFO]                  [PluginManager] Enabled plugin Hytale:CreativeHub
[2026/01/18 16:26:55   INFO]                  [PluginManager] Enabled plugin Hytale:DamageModule
[2026/01/18 16:26:55   INFO]                  [PluginManager] Enabled plugin Hytale:Camera
[2026/01/18 16:26:55   INFO]                  [PluginManager] Enabled plugin Hytale:NPC
[2026/01/18 16:26:55   INFO]                  [PluginManager] Enabled plugin Hytale:Mounts
[2026/01/18 16:26:55   INFO]                  [PluginManager] Enabled plugin Hytale:Flock
[2026/01/18 16:26:55   INFO]                  [PluginManager] Enabled plugin Hytale:NPCEditor
[2026/01/18 16:26:55   INFO]                  [World|default] Added world 'default' - Seed: 1768751806259, GameTime: 0001-01-01T11:16:06.365655469Z
[2026/01/18 16:26:55   INFO]                  [PluginManager] Enabled plugin Hytale:Memories
[2026/01/18 16:26:55   INFO]                  [PluginManager] Enabled plugin Hytale:NPCShop
[2026/01/18 16:26:55   INFO]                  [PluginManager] Enabled plugin Hytale:Beds
[2026/01/18 16:26:55   INFO]                  [PluginManager] Enabled plugin Hytale:Portals
[2026/01/18 16:26:55   INFO]                  [PluginManager] Enabled plugin Hytale:NPCCombatActionEvaluator
[2026/01/18 16:26:55   INFO]                  [PluginManager] Enabled plugin Hytale:NPCReputation
[2026/01/18 16:26:55   INFO]                     [Spawning|P] Successfully set up 96 world spawn configurations
[2026/01/18 16:26:55   INFO]                     [Spawning|P] Successfully set up 75 beacon spawn configurations
[2026/01/18 16:26:55   INFO]                  [PluginManager] Enabled plugin Hytale:Spawning
[2026/01/18 16:26:55   INFO]                  [PluginManager] Enabled plugin Hytale:NPCObjectives
[2026/01/18 16:26:55   INFO]                         [Hytale] Loading common assets from: /
[2026/01/18 16:26:55   WARN]            [CommonAssetModule|P] Duplicated Asset Count: 931
[2026/01/18 16:26:55   INFO]                         [Hytale] Loading common assets phase completed! Boot time 105us 756ns, Took 71us 157ns
[2026/01/18 16:26:55   INFO]                         [Hytale] Loading assets from: /Server
[2026/01/18 16:26:55   INFO]            [AssetRegistryLoader] Loading assets from /Server
[2026/01/18 16:26:55   WARN]      [AssetStore|CraftingRecipe] Unused key(s) in 'Example_Recipe' file /Server/Item/Recipes/Example_Recipe.json: Seconds
[2026/01/18 16:26:55   INFO]            [AssetRegistryLoader] Took 1ms 977us 97ns to load all assets
[2026/01/18 16:26:55   INFO]                      [AssetTree] Loaded Server/ asset tree! Took: 959us 945ns
[2026/01/18 16:26:55   INFO]                      [AssetTree] Loaded Common/ asset tree! Took: 2us 919ns
[2026/01/18 16:26:55   INFO]                      [AssetTree] Sorted asset tree! Took: 392us 306ns
[2026/01/18 16:26:55   INFO]                          [NPC|P] Starting to load NPC builders!
[2026/01/18 16:26:55   INFO]                          [NPC|P] Validating loaded NPC configurations...
[2026/01/18 16:26:55   WARN]                          [NPC|P] Animation Wave does not exist for model Temple_Mithril_Guard!
[2026/01/18 16:26:55   WARN]                          [NPC|P] Animation Eat does not exist for model Hatworm!
[2026/01/18 16:26:55   WARN]                          [NPC|P] Animation Curious does not exist for model Hatworm!
[2026/01/18 16:26:55   WARN]                          [NPC|P] Animation GreetAnimation does not exist for model Hatworm!
[2026/01/18 16:26:55   WARN]                          [NPC|P] Animation Sleep does not exist for model Wraith_Lantern!
[2026/01/18 16:26:55   WARN]                          [NPC|P] Animation Alerted does not exist for model Wraith_Lantern!
[2026/01/18 16:26:55   WARN]                          [NPC|P] Animation Laydown does not exist for model Wraith_Lantern!
[2026/01/18 16:26:55   WARN]                          [NPC|P] Animation Wake does not exist for model Wraith_Lantern!
[2026/01/18 16:26:55   WARN]                          [NPC|P] Animation Eat does not exist for model Spark_Living!
[2026/01/18 16:26:55   WARN]                          [NPC|P] Animation Curious does not exist for model Spark_Living!
[2026/01/18 16:26:55   WARN]                          [NPC|P] Animation GreetAnimation does not exist for model Spark_Living!
[2026/01/18 16:26:55   WARN]                          [NPC|P] Animation Eat does not exist for model Trillodon!
[2026/01/18 16:26:55   WARN]                          [NPC|P] Animation Curious does not exist for model Trillodon!
[2026/01/18 16:26:55   WARN]                          [NPC|P] Animation GreetAnimation does not exist for model Trillodon!
[2026/01/18 16:26:55   WARN]                          [NPC|P] Animation Wave does not exist for model Frog_Orange!
[2026/01/18 16:26:55   WARN]                          [NPC|P] Animation GreetAnimation does not exist for model Tortoise!
[2026/01/18 16:26:55   WARN]                          [NPC|P] Animation Rally does not exist for model Outlander_Sorcerer!
[2026/01/18 16:26:55   WARN]                          [NPC|P] Animation Sleep does not exist for model Slug_Magma!
[2026/01/18 16:26:55   WARN]                          [NPC|P] Animation Alerted does not exist for model Slug_Magma!
[2026/01/18 16:26:55   WARN]                          [NPC|P] Animation Laydown does not exist for model Slug_Magma!
[2026/01/18 16:26:55   WARN]                          [NPC|P] Animation Wake does not exist for model Slug_Magma!
[2026/01/18 16:26:55   WARN]                          [NPC|P] Animation Leap does not exist for model Goblin_Duke!
[2026/01/18 16:26:55   WARN]                          [NPC|P] Animation Alerted does not exist for model Scarak_Broodmother!
[2026/01/18 16:26:55   WARN]                          [NPC|P] Animation Leap does not exist for model Goblin_Duke!
[2026/01/18 16:26:55   WARN]                          [NPC|P] Animation Leap does not exist for model Goblin_Duke_Large!
[2026/01/18 16:26:55   WARN]                          [NPC|P] Animation Alerted does not exist for model Kweebec_Rootling!
[2026/01/18 16:26:55   WARN]                          [NPC|P] Animation Rally does not exist for model Outlander_Priest!
[2026/01/18 16:26:55   WARN]                          [NPC|P] Animation Alerted does not exist for model Scarak_Broodmother!
[2026/01/18 16:26:55   WARN]                          [NPC|P] Animation Wave does not exist for model Frog_Blue!
[2026/01/18 16:26:55   WARN]                          [NPC|P] Animation Eat does not exist for model Lizard_Sand!
[2026/01/18 16:26:55   WARN]                          [NPC|P] Animation Curious does not exist for model Lizard_Sand!
[2026/01/18 16:26:55   WARN]                          [NPC|P] Animation GreetAnimation does not exist for model Lizard_Sand!
[2026/01/18 16:26:55   WARN]                          [NPC|P] Animation Alerted does not exist for model Scarak_Broodmother!
[2026/01/18 16:26:55   WARN]                          [NPC|P] Animation Sleep does not exist for model Tuluk_Fisherman!
[2026/01/18 16:26:55   WARN]                          [NPC|P] Animation Alerted does not exist for model Tuluk_Fisherman!
[2026/01/18 16:26:55   WARN]                          [NPC|P] Animation Laydown does not exist for model Tuluk_Fisherman!
[2026/01/18 16:26:55   WARN]                          [NPC|P] Animation Wake does not exist for model Tuluk_Fisherman!
[2026/01/18 16:26:55   INFO]                          [NPC|P] Validation complete.
[2026/01/18 16:26:55   INFO]                          [NPC|P] Loaded 895 NPC configurations
[2026/01/18 16:26:55   INFO]                  [PluginManager] Enabled plugin Example:ExamplePlugin
[2026/01/18 16:26:55   INFO]                   [HytaleServer] Plugin manager started! Startup time so far: 4sec 391ms 778us 771ns
[2026/01/18 16:26:55   INFO]                   [HytaleServer] Getting Hytale Universe ready...
[2026/01/18 16:26:55   INFO]                 [WorldGenerator] Set prefab-store to: ASSETS
[2026/01/18 16:26:56   INFO]                 [WorldGenerator] Initialized ChunkGenerator-0 executor
[2026/01/18 16:26:56   INFO]                 [WorldGenerator] Found location for unique zone 'Zone1_Spawn' -> Position: {894, 96}, Score: 93.60%, Time: 2ms
[2026/01/18 16:26:56   INFO]                 [WorldGenerator] Found location for unique zone 'Zone1_Temple' -> Position: {1124, 193}, Score: 88.25%, Time: 0ms
[2026/01/18 16:26:56   INFO]                [World|default|M] Initializing world map generator: com.hypixel.hytale.server.worldgen.map.GeneratorChunkWorldMap@66c6b9ca
[2026/01/18 16:26:56   INFO]                [World|default|M] Generating Points of Interest...
[2026/01/18 16:26:56   INFO]                [World|default|M] Finished Generating Points of Interest!
[2026/01/18 16:26:56   INFO]                     [Teleport|P] Loaded 0 warps (No warps.json found)
[2026/01/18 16:26:56   INFO]                   [HytaleServer] Universe ready!
[2026/01/18 16:26:56   INFO]                  [AssetModule|P] Total Loaded Assets: Interaction: 7125, RootInteraction: 5339, BlockType: 3947, Item: 3011, CraftingRecipe: 1613, ParticleSpawner: 1584, SoundEvent: 1156, ItemDropList: 741, ParticleSystem: 535, ModelAsset: 433, SpawnMarker: 243, BlockBoundingBoxes: 234, Condition: 228, ItemPlayerAnimations: 183, EntityEffect: 175, AmbienceFX: 167, TagPattern: 126, ResourceType: 124, Environment: 114, AssignmentsAsset: 111, ProjectileConfig: 111, WorldNPCSpawn: 96, AudioCategory: 93, CombatActionOption: 87, Projectile: 86, Weather: 86, PrefabListAsset: 77, BeaconNPCSpawn: 75, NPCGroup: 71, BiomeAsset: 67, Trail: 59, FlockAsset: 58, BlockSet: 55, BlockSoundSet: 53, CameraEffect: 49, CameraShake: 49, BalanceAsset: 48, BlockSpawnerTable: 46, BlockGroup: 43, ScriptedBrushAsset: 37, ItemSoundSet: 36, ModelVFX: 33, BlockParticleSet: 30, AttitudeGroup: 27, ReverbEffect: 22, DamageCause: 15, Fluid: 15, EntityStatType: 13, WorldStructureAsset: 12, ViewBobbing: 12, ResponseCurve: 12, BlockTypeListAsset: 12, ObjectiveAsset: 12, ItemQuality: 12, CustomConnectedBlockTemplateAsset: 11, BlockMigration: 10, DensityAsset: 9, MacroCommandBuilder: 8, ItemToolSpec: 7, GameplayConfig: 5, FluidFX: 5, PortalType: 5, ObjectiveLocationMarkerAsset: 4, GrowthModifierAsset: 4, BlockBreakingDecal: 4, ItemCategory: 4, SpawnSuppression: 3, ItemReticleConfig: 3, UnarmedInteractions: 3, MovementConfig: 3, EqualizerEffect: 3, ObjectiveLineAsset: 2, BarterShopAsset: 2, RepulsionConfig: 2, HitboxCollisionConfig: 2, SoundSet: 2, GameModeType: 2, EntityUIComponent: 2, SettingsAsset: 1, PrefabEditorCreationSettings: 1, WordList: 1, BuilderToolItemReferenceAsset: 1, ReachLocationMarkerAsset: 1, FarmingCoopAsset: 1, ItemAttitudeGroup: 1, FieldcraftCategory: 1, ReputationGroup: 0, ShopAsset: 0, DeployableSpawner: 0, ReputationRank: 0, BlockMaskAsset: 0
[2026/01/18 16:26:56   INFO]                   [HytaleServer] ===============================================================================================
[2026/01/18 16:26:56   INFO]                   [HytaleServer]          Hytale Server Booted! [Multiplayer] took 4sec 960ms 572us 816ns
[2026/01/18 16:26:56   INFO]                   [HytaleServer] ===============================================================================================
[2026/01/18 16:26:56   WARN]                   [HytaleServer] No server tokens configured. Use /auth login to authenticate.
[2026/01/18 16:26:58   INFO]                 [CommandManager] Console executed command: auth login device
Starting OAuth2 device flow. Check console for verification URL.
[2026/01/18 16:26:58   INFO]                [AbstractCommand] ===================================================================
[2026/01/18 16:26:58   INFO]                [AbstractCommand] DEVICE AUTHORIZATION
[2026/01/18 16:26:58   INFO]                [AbstractCommand] ===================================================================
[2026/01/18 16:26:58   INFO]                [AbstractCommand] Visit: https://oauth.accounts.hytale.com/oauth2/device/verify
[2026/01/18 16:26:58   INFO]                [AbstractCommand] Enter code: 7WsRQsu6
[2026/01/18 16:26:58   INFO]                [AbstractCommand] Or visit: https://oauth.accounts.hytale.com/oauth2/device/verify?user_code=7WsRQsu6
[2026/01/18 16:26:58   INFO]                [AbstractCommand] ===================================================================
[2026/01/18 16:26:58   INFO]                [AbstractCommand] Waiting for authorization (expires in 600 seconds)...
[2026/01/18 16:27:14   INFO]           [SessionServiceClient] Session Service client initialized for: https://sessions.hytale.com
[2026/01/18 16:27:14   INFO]           [SessionServiceClient] Fetching game profiles...
[2026/01/18 16:27:14   INFO]           [SessionServiceClient] Found 1 game profile(s)
[2026/01/18 16:27:14   INFO]              [ServerAuthManager] Auto-selected profile: nikmorking (ababde7f-bafc-4827-b074-009e9ccd6b02)
[2026/01/18 16:27:14   INFO]           [SessionServiceClient] Creating game session...
[2026/01/18 16:27:14   INFO]           [SessionServiceClient] Successfully created game session
[2026/01/18 16:27:14   INFO]              [ServerAuthManager] Token refresh scheduled in 3300 seconds
[2026/01/18 16:27:14   INFO]              [ServerAuthManager] Authentication successful! Mode: OAUTH_DEVICE
Authentication successful! Use '/auth status' to view details.
WARNING: Credentials stored in memory only - they will be lost on restart!
To persist credentials, run: /auth persistence <type>
Available types: Memory, Encrypted
[2026/01/18 16:27:33   INFO]                 [CommandManager] Console executed command: auth persistence
Credential storage: Memory
Available types: Memory, Encrypted
[2026/01/18 16:27:59   INFO]                  [QUICTransport] Received connection from QuicConnectionAddress{connId=} (/[0:0:0:0:0:0:0:1%0]:39873) to QuicConnectionAddress{connId=3ee9d25607ee3cc01962bd9121ddb19c96e531c6} (/[0:0:0:0:0:0:0:1]:5520)
[2026/01/18 16:27:59   INFO]                         [Hytale] Received stream QuicConnectionAddress{connId=3ee9d25607ee3cc01962bd9121ddb19c96e531c6} (/[0:0:0:0:0:0:0:1%0]:39873, streamId=0) to QuicConnectionAddress{connId=3ee9d25607ee3cc01962bd9121ddb19c96e531c6} (/[0:0:0:0:0:0:0:1]:5520, streamId=0)
[2026/01/18 16:27:59 FINEST]                    [LoginTiming] setTimeout-initial
[2026/01/18 16:27:59   FINE]                    [LoginTiming] Registered took 621us 504ns
[2026/01/18 16:27:59   FINE]                    [LoginTiming] Connect took 68ms 882us 419ns
[2026/01/18 16:27:59   INFO]                         [Hytale] Starting authenticated flow for nikmorking (ababde7f-bafc-4827-b074-009e9ccd6b02) from QuicConnectionAddress{connId=3ee9d25607ee3cc01962bd9121ddb19c96e531c6} (/[0:0:0:0:0:0:0:1%0]:39873, streamId=0)
[2026/01/18 16:27:59   INFO]           [SessionServiceClient] Session Service client initialized for: https://sessions.hytale.com
[2026/01/18 16:28:00   INFO]           [SessionServiceClient] Successfully fetched JWKS with 1 keys
[2026/01/18 16:28:00   INFO]                   [JWTValidator] JWKS loaded with 1 keys
[2026/01/18 16:28:00   INFO]                   [JWTValidator] Identity token validated successfully for user null (UUID: ababde7f-bafc-4827-b074-009e9ccd6b02)
[2026/01/18 16:28:00   INFO]               [HandshakeHandler] Identity token validated for nikmorking (UUID: ababde7f-bafc-4827-b074-009e9ccd6b02, scope: hytale:client) from QuicConnectionAddress{connId=3ee9d25607ee3cc01962bd9121ddb19c96e531c6} (/[0:0:0:0:0:0:0:1%0]:39873, streamId=0), requesting auth grant
[2026/01/18 16:28:00 FINEST]                    [LoginTiming] setTimeout-auth-grant-timeout took 343ms 857us 809ns
[2026/01/18 16:28:00   INFO]           [SessionServiceClient] Requesting authorization grant with identity token, aud='856e1cae-a0ed-4bb4-9306-7a7c28de52e5'
[2026/01/18 16:28:00   INFO]           [SessionServiceClient] Successfully obtained authorization grant
[2026/01/18 16:28:00   INFO]               [HandshakeHandler] Sending AuthGrant to QuicConnectionAddress{connId=3ee9d25607ee3cc01962bd9121ddb19c96e531c6} (/[0:0:0:0:0:0:0:1%0]:39873, streamId=0) (with server identity: true)
[2026/01/18 16:28:00 FINEST]                    [LoginTiming] setTimeout-auth-token-timeout took 207ms 813us 798ns
[2026/01/18 16:28:00   INFO]               [HandshakeHandler] Received AuthToken from QuicConnectionAddress{connId=3ee9d25607ee3cc01962bd9121ddb19c96e531c6} (/[0:0:0:0:0:0:0:1%0]:39873, streamId=0), validating JWT (mTLS cert present: true, server auth grant: true)
[2026/01/18 16:28:00   INFO]                [CertificateUtil] Certificate binding validated successfully
[2026/01/18 16:28:00   INFO]                   [JWTValidator] JWT validated successfully for user nikmorking (UUID: ababde7f-bafc-4827-b074-009e9ccd6b02)
[2026/01/18 16:28:00 FINEST]                    [LoginTiming] setTimeout-server-token-exchange-timeout took 462ms 483us 991ns
[2026/01/18 16:28:00   INFO]           [SessionServiceClient] Exchanging authorization grant for access token
[2026/01/18 16:28:01   INFO]           [SessionServiceClient] Successfully obtained access token
[2026/01/18 16:28:01   INFO]               [HandshakeHandler] Sending ServerAuthToken to QuicConnectionAddress{connId=3ee9d25607ee3cc01962bd9121ddb19c96e531c6} (/[0:0:0:0:0:0:0:1%0]:39873, streamId=0) (with password challenge: false)
[2026/01/18 16:28:01   INFO]               [HandshakeHandler] Mutual authentication complete for nikmorking (ababde7f-bafc-4827-b074-009e9ccd6b02) from QuicConnectionAddress{connId=3ee9d25607ee3cc01962bd9121ddb19c96e531c6} (/[0:0:0:0:0:0:0:1%0]:39873, streamId=0)
[2026/01/18 16:28:01   FINE]                    [LoginTiming] Authenticated took 253ms 806us 220ns
[2026/01/18 16:28:01   INFO]          [PasswordPacketHandler] Connection complete for nikmorking (ababde7f-bafc-4827-b074-009e9ccd6b02), transitioning to setup
[2026/01/18 16:28:01 FINEST]                    [LoginTiming] setTimeout-send-world-settings took 717us 155ns
[2026/01/18 16:28:01   FINE]                    [LoginTiming] Load Player Config took 564us 835ns
[2026/01/18 16:28:01 FINEST]                    [LoginTiming] setTimeout-receive-assets-request took 34ms 774us 965ns
[2026/01/18 16:28:01   FINE]                    [LoginTiming] Request Assets took 72ms 374us 149ns
[2026/01/18 16:28:01 FINEST]                    [LoginTiming] setTimeout-send-assets took 637us 835ns
[2026/01/18 16:28:01   FINE]                    [LoginTiming] Send Common Assets took 322us 67ns
[2026/01/18 16:28:01   WARN]                         [Hytale] Missing interaction Effect
[2026/01/18 16:28:01   FINE]                    [LoginTiming] Send Config Assets took 242ms 418us 876ns
[2026/01/18 16:28:02   FINE]                    [LoginTiming] Player Options took 565ms 5us 159ns
[2026/01/18 16:28:02   INFO]                     [Universe|P] Adding player 'nikmorking (ababde7f-bafc-4827-b074-009e9ccd6b02)
[2026/01/18 16:28:02 FINEST]                    [LoginTiming] setTimeout-add-to-universe took 6ms 845us 479ns
[2026/01/18 16:28:02 FINEST]                    [LoginTiming] Load Player Config took 3ms 488us 243ns
[2026/01/18 16:28:02 FINEST]                    [LoginTiming] Processed Referral took 939us 433ns
[2026/01/18 16:28:02   WARN]                         [Hytale] {Playing(QuicConnectionAddress{connId=3ee9d25607ee3cc01962bd9121ddb19c96e531c6} (/[0:0:0:0:0:0:0:1%0]:39873, streamId=0)), ababde7f-bafc-4827-b074-009e9ccd6b02, nikmorking} Added future for ClientReady packet?
[2026/01/18 16:28:02   INFO]                  [World|default] Adding player 'nikmorking' to world 'default' at location null (ababde7f-bafc-4827-b074-009e9ccd6b02)
[2026/01/18 16:28:02   INFO]                         [Hytale] {Playing(QuicConnectionAddress{connId=3ee9d25607ee3cc01962bd9121ddb19c96e531c6} (/[0:0:0:0:0:0:0:1%0]:39873, streamId=0)), ababde7f-bafc-4827-b074-009e9ccd6b02, nikmorking}: Sent com.hypixel.hytale.protocol.packets.player.JoinWorld@827dad05
[2026/01/18 16:28:02   WARN]                         [Hytale] {Playing(QuicConnectionAddress{connId=3ee9d25607ee3cc01962bd9121ddb19c96e531c6} (/[0:0:0:0:0:0:0:1%0]:39873, streamId=0)), ababde7f-bafc-4827-b074-009e9ccd6b02, nikmorking}: Received com.hypixel.hytale.protocol.packets.player.ClientReady@9da7
[2026/01/18 16:28:02   INFO]                  [World|default] Player 'nikmorking' joined world 'default' at location Vector3d{x=890.6614379882812, y=129.0, z=89.70923614501953} (ababde7f-bafc-4827-b074-009e9ccd6b02)
[2026/01/18 16:28:02 FINEST]                    [LoginTiming] Add to World took 332ms 419us 146ns
[2026/01/18 16:28:02   FINE]                    [LoginTiming] Add To Universe took 60us 19ns
[2026/01/18 16:28:02   INFO]                [WorldMapTracker] Started Generating Map!
[2026/01/18 16:28:02   WARN]                         [Entity] getPositionComponent called async [CONTEXT ratelimit_period="5 MINUTES" ]
java.lang.Throwable
	at com.hypixel.hytale.server.core.entity.Entity.getTransformComponent(Entity.java:278)
	at com.hypixel.hytale.server.core.universe.world.WorldMapTracker.tick(WorldMapTracker.java:151)
	at com.hypixel.hytale.server.core.universe.world.worldmap.WorldMapManager.tick(WorldMapManager.java:149)
	at com.hypixel.hytale.server.core.util.thread.TickingThread.run(TickingThread.java:89)
	at java.base/java.lang.Thread.run(Thread.java:1474)

[2026/01/18 16:28:02   WARN]                  [World|default] Task took 56ms 924us 490ns ns: java.util.concurrent.CompletableFuture$AsyncSupply@7c67272c
[2026/01/18 16:28:03   WARN]                         [Hytale] {Playing(QuicConnectionAddress{connId=3ee9d25607ee3cc01962bd9121ddb19c96e531c6} (/[0:0:0:0:0:0:0:1%0]:39873, streamId=0)), ababde7f-bafc-4827-b074-009e9ccd6b02, nikmorking}: Received com.hypixel.hytale.protocol.packets.player.ClientReady@9da1
[2026/01/18 16:28:08   INFO]                 [CommandManager] nikmorking executed command: packs list
[2026/01/18 16:28:13   INFO]                 [CommandManager] nikmorking executed command: gm c
[2026/01/18 16:28:19 SEVERE]                  [World|default] Took too long to run pre-load process hook for chunk: 69ms 263us 584ns > TICK_STEP, WorldChunk{x=31, z=35, flags=00000000000000000000000000000100}, Hook: com.hypixel.hytale.server.core.modules.block.BlockModule$$Lambda/0x000000006097b888@5b4b6f3b
[2026/01/18 16:28:19 SEVERE]                  [World|default] Took too long to run pre-load process hook for chunk: 68ms 504us 786ns > TICK_STEP, Has GC Run: true, WorldChunk{x=60, z=11, flags=00000000000000000000000000000100}, Hook: com.hypixel.hytale.server.core.modules.block.BlockModule$$Lambda/0x000000006097b888@5b4b6f3b
[2026/01/18 16:28:19 SEVERE]                  [World|default] Took too long to run pre-load process hook for chunk: 67ms 718us 978ns > TICK_STEP, Has GC Run: true, WorldChunk{x=24, z=35, flags=00000000000000000000000000000100}, Hook: com.hypixel.hytale.server.core.modules.block.BlockModule$$Lambda/0x000000006097b888@5b4b6f3b
[2026/01/18 16:28:19 SEVERE]                  [World|default] Took too long to run pre-load process hook for chunk: 68ms 862us 804ns > TICK_STEP, WorldChunk{x=32, z=35, flags=00000000000000000000000000000100}, Hook: com.hypixel.hytale.server.core.modules.block.BlockModule$$Lambda/0x000000006097b888@5b4b6f3b
[2026/01/18 16:28:19 SEVERE]                  [World|default] Took too long to run pre-load process hook for chunk: 67ms 881us 628ns > TICK_STEP, WorldChunk{x=22, z=35, flags=00000000000000000000000000000100}, Hook: com.hypixel.hytale.server.core.modules.block.BlockModule$$Lambda/0x000000006097b888@5b4b6f3b
[2026/01/18 16:28:19 SEVERE]                  [World|default] Took too long to run pre-load process hook for chunk: 66ms 502us 601ns > TICK_STEP, WorldChunk{x=25, z=35, flags=00000000000000000000000000000100}, Hook: com.hypixel.hytale.builtin.blocktick.BlockTickPlugin$$Lambda/0x00000000608af270@1b5623b4
[2026/01/18 16:28:31   INFO]                [ExamplePlugin|P] [Drop] 1x Armor_Thorium_Head
[2026/01/18 16:28:36   INFO]                  [ExamplePlugin] World{name='default', alive=true, loadedChunksCount=1961, totalLoadedChunksCount=3443, totalGeneratedChunksCount=54, entityCount=275}
[2026/01/18 16:28:36   INFO]                [ExamplePlugin|P] nikmorking said: Каска приди
[2026/01/18 16:28:36   INFO]                [ExamplePlugin|P] nikmorking said: Каска приди
[2026/01/18 16:28:36   INFO]                         [Hytale] nikmorking: Каска приди
[2026/01/18 16:28:36   INFO]                  [World|default] [Broadcast] [Message] Касочник скоро предёт! Иди на спавн
[2026/01/18 16:28:44   INFO]                 [CommandManager] nikmorking executed command: start
[2026/01/18 16:28:51 SEVERE]                  [World|default] Took too long to run pre-load process hook for chunk: 1sec 676ms 997us 560ns > TICK_STEP, Has GC Run: true, WorldChunk{x=-6, z=4, flags=00000000000000000000000000000100}, Hook: com.hypixel.hytale.builtin.fluid.FluidPlugin$$Lambda/0x0000000060a36c08@472dc215
[2026/01/18 16:29:08   INFO]                  [World|default] [Broadcast] [Message] Он прищёл!
[2026/01/18 16:29:08   INFO]                  [World|default] Successfully spawned a Cow!
[2026/01/18 16:32:26   INFO]                 [CommandManager] nikmorking executed command: time midday
[2026/01/18 16:35:08   INFO]                  [ExamplePlugin] World{name='default', alive=true, loadedChunksCount=1961, totalLoadedChunksCount=4834, totalGeneratedChunksCount=68, entityCount=301}
[2026/01/18 16:35:08   INFO]                [ExamplePlugin|P] nikmorking said: Каска приди
[2026/01/18 16:35:08   INFO]                [ExamplePlugin|P] nikmorking said: Каска приди
[2026/01/18 16:35:08   INFO]                         [Hytale] nikmorking: Каска приди
[2026/01/18 16:35:08   INFO]                  [World|default] [Broadcast] [Message] Касочник скоро предёт! Иди на спавн
[2026/01/18 16:35:27   INFO]                [ExamplePlugin|P] [Drop] 1x Ingredient_Hide_Light
[2026/01/18 16:35:28   INFO]                [ExamplePlugin|P] [Drop] 1x Ingredient_Hide_Light
[2026/01/18 16:35:32   INFO]                  [ExamplePlugin] World{name='default', alive=true, loadedChunksCount=2236, totalLoadedChunksCount=5145, totalGeneratedChunksCount=68, entityCount=345}
[2026/01/18 16:35:32   INFO]                [ExamplePlugin|P] nikmorking said: Каска приди
[2026/01/18 16:35:32   INFO]                         [Hytale] nikmorking: Каска приди
[2026/01/18 16:35:32   INFO]                  [World|default] [Broadcast] [Message] Чтобы ОН прищёл, нужно кинуть зелёный шлем
[2026/01/18 16:35:41   INFO]                  [World|default] [Broadcast] [Message] Он прищёл!
[2026/01/18 16:35:41   INFO]                  [World|default] Successfully spawned a Cow!
[2026/01/18 16:35:44   WARN]                     [Spawning|P] Removing NPC of type Trout_Rainbow due to overpopulation (expected: 3.855857, actual: 9)
[2026/01/18 16:35:51   WARN]                     [Spawning|P] Removing NPC of type Trout_Rainbow due to overpopulation (expected: 3.547964, actual: 9)
[2026/01/18 16:35:53   WARN]                     [Spawning|P] Removing NPC of type Boar due to overpopulation (expected: 7.095928, actual: 15)
[2026/01/18 16:35:53   WARN]                     [Spawning|P] Removing NPC of type Boar due to overpopulation (expected: 7.095928, actual: 14)
[2026/01/18 16:35:54   WARN]                     [Spawning|P] Removing NPC of type Boar due to overpopulation (expected: 7.095928, actual: 13)
[2026/01/18 16:37:37   INFO]                [ExamplePlugin|P] [Drop] 1x Ingredient_Hide_Light
[2026/01/18 16:37:37   INFO]                [ExamplePlugin|P] [Drop] 1x Ingredient_Hide_Light
[2026/01/18 16:37:44   INFO]                  [ExamplePlugin] World{name='default', alive=true, loadedChunksCount=1961, totalLoadedChunksCount=6108, totalGeneratedChunksCount=68, entityCount=331}
[2026/01/18 16:37:44   INFO]                [ExamplePlugin|P] nikmorking said: Каска приди
[2026/01/18 16:37:44   INFO]                         [Hytale] nikmorking: Каска приди
[2026/01/18 16:37:44   INFO]                  [World|default] [Broadcast] [Message] Чтобы ОН прищёл, нужно кинуть зелёный шлем
[2026/01/18 16:37:47   INFO]                [ExamplePlugin|P] [Drop] 1x Armor_Thorium_Head
[2026/01/18 16:37:50   INFO]                  [ExamplePlugin] World{name='default', alive=true, loadedChunksCount=2012, totalLoadedChunksCount=6159, totalGeneratedChunksCount=68, entityCount=331}
[2026/01/18 16:37:50   INFO]                [ExamplePlugin|P] nikmorking said: Каска приди
[2026/01/18 16:37:50   INFO]                [ExamplePlugin|P] nikmorking said: Каска приди
[2026/01/18 16:37:50   INFO]                         [Hytale] nikmorking: Каска приди
[2026/01/18 16:37:50   INFO]                  [World|default] [Broadcast] [Message] Касочник скоро предёт! Иди на спавн
[2026/01/18 16:38:22   INFO]                  [World|default] [Broadcast] [Message] Он прищёл!
[2026/01/18 16:38:22   INFO]                  [World|default] Successfully spawned a Cow!
[2026/01/18 16:38:26   WARN]                     [Spawning|P] Removing NPC of type Boar due to overpopulation (expected: 4.562106, actual: 12)
[2026/01/18 16:38:32   WARN]                     [Spawning|P] Removing NPC of type Boar due to overpopulation (expected: 5.003762, actual: 11)
[2026/01/18 16:38:39   WARN]                     [Spawning|P] Removing NPC of type Boar due to overpopulation (expected: 4.562106, actual: 10)
[2026/01/18 16:41:23   WARN]                     [Spawning|P] Removing NPC of type Trout_Rainbow due to overpopulation (expected: 2.501881, actual: 8)
[2026/01/18 16:42:52   INFO]                 [CommandManager] nikmorking executed command: time midday
[2026/01/18 16:43:57   INFO]                [ExamplePlugin|P] [Drop] 1x Ingredient_Hide_Light
[2026/01/18 16:43:57   INFO]                [ExamplePlugin|P] [Drop] 1x Ingredient_Hide_Light
[2026/01/18 16:43:57   INFO]                [ExamplePlugin|P] [Drop] 1x Ingredient_Hide_Light
[2026/01/18 16:43:58   INFO]                [ExamplePlugin|P] [Drop] 1x Ingredient_Hide_Light
[2026/01/18 16:44:15   INFO]                  [AssetEditor|P] nikmorking is attempting to initialize asset editor
[2026/01/18 16:44:15   INFO]                  [AssetEditor|P] nikmorking starting asset editor initialization
[2026/01/18 16:44:15 SEVERE]                           [SERR] updateSchema: 
[2026/01/18 16:44:15 SEVERE]                           [SERR] updateSchema: ManualCurveAsset$$Lambda/0x00000000607cbab0
[2026/01/18 16:44:15 SEVERE]                           [SERR] updateSchema: StaticDirectionalityAsset$$Lambda/0x000000006079b330
[2026/01/18 16:44:15 SEVERE]                           [SERR] updateSchema: DensityPropAsset$$Lambda/0x00000000607a88e8
[2026/01/18 16:44:15 SEVERE]                           [SERR] updateSchema: WeightMapValidator
[2026/01/18 16:44:15 SEVERE]                           [SERR] updateSchema: RequiredBlockFaceSupportValidator
[2026/01/18 16:44:15 SEVERE]                           [SERR] updateSchema: NodeFunctionYOutAsset$$Lambda/0x00000000606e4248
[2026/01/18 16:44:15 SEVERE]                           [SERR] updateSchema: AxisDensityAsset$$Lambda/0x000000006071a5e0
[2026/01/18 16:44:15 SEVERE]                           [SERR] updateSchema: CuboidDensityAsset$$Lambda/0x0000000060724380
[2026/01/18 16:44:15 SEVERE]                           [SERR] updateSchema: EllipsoidDensityAsset$$Lambda/0x00000000607216e0
[2026/01/18 16:44:15 SEVERE]                           [SERR] updateSchema: GradientDensityAsset$$Lambda/0x0000000060702fc8
[2026/01/18 16:44:15 SEVERE]                           [SERR] updateSchema: PlaneDensityAsset$$Lambda/0x000000006071c910
[2026/01/18 16:44:15   WARN]                 [RangeValidator] Can't handle: string as a range: com.hypixel.hytale.codec.schema.config.StringSchema@36e4272a
[2026/01/18 16:44:15   WARN]                 [RangeValidator] Can't handle: min is not a Number: PT0S, class java.time.Duration
[2026/01/18 16:44:15 SEVERE]                           [SERR] updateSchema: InteractionCameraSettings$$Lambda/0x0000000060332e90
[2026/01/18 16:44:15 SEVERE]                           [SERR] updateSchema: InteractionCameraSettings$$Lambda/0x0000000060332e90
[2026/01/18 16:44:15 SEVERE]                           [SERR] updateSchema: KillSpawnMarkerObjectiveTaskAsset$$Lambda/0x0000000060c88fc8
[2026/01/18 16:44:15   WARN]                 [RangeValidator] Can't handle: string as a range: com.hypixel.hytale.codec.schema.config.StringSchema@9c72a60f
[2026/01/18 16:44:15   WARN]                 [EqualValidator] Cannot compare class java.lang.Float with class com.hypixel.hytale.codec.schema.config.StringSchema
[2026/01/18 16:44:15   WARN]                 [RangeValidator] Can't handle: string as a range: com.hypixel.hytale.codec.schema.config.StringSchema@36e4272a
[2026/01/18 16:44:15 SEVERE]                           [SERR] updateSchema: DeprecatedValidator
[2026/01/18 16:44:15 SEVERE]                           [SERR] updateSchema: DeprecatedValidator
[2026/01/18 16:44:15   INFO]                      [AssetTree] Loaded Server/ asset tree! Took: 67ms 709us 849ns
[2026/01/18 16:44:15   INFO]                      [AssetTree] Loaded Common/ asset tree! Took: 44ms 170us 395ns
[2026/01/18 16:44:15   INFO]                      [AssetTree] Sorted asset tree! Took: 22ms 634us 804ns
[2026/01/18 16:44:15   INFO]                      [AssetTree] Loaded Server/ asset tree! Took: 571us 892ns
[2026/01/18 16:44:15   INFO]                      [AssetTree] Loaded Common/ asset tree! Took: 17us 460ns
[2026/01/18 16:44:15   INFO]                      [AssetTree] Sorted asset tree! Took: 64us 431ns
[2026/01/18 16:44:15   INFO]                  [AssetEditor|P] Asset editor initialization complete! Took: 322ms 649us 801ns
[2026/01/18 16:44:18   INFO]                  [QUICTransport] Received connection from QuicConnectionAddress{connId=} (/[0:0:0:0:0:0:0:1%0]:49546) to QuicConnectionAddress{connId=5fa4658caefadd8cab64b27d5af36eddeb9ab26f} (/[0:0:0:0:0:0:0:1]:5520)
[2026/01/18 16:44:18   INFO]                         [Hytale] Received stream QuicConnectionAddress{connId=5fa4658caefadd8cab64b27d5af36eddeb9ab26f} (/[0:0:0:0:0:0:0:1%0]:49546, streamId=0) to QuicConnectionAddress{connId=5fa4658caefadd8cab64b27d5af36eddeb9ab26f} (/[0:0:0:0:0:0:0:1]:5520, streamId=0)
[2026/01/18 16:44:18 FINEST]                    [LoginTiming] setTimeout-initial
[2026/01/18 16:44:18   FINE]                    [LoginTiming] Registered took 86us 742ns
[2026/01/18 16:44:18   FINE]                    [LoginTiming] Connect took 394us 548ns
[2026/01/18 16:44:18   INFO]                         [Hytale] Starting authenticated flow for nikmorking (ababde7f-bafc-4827-b074-009e9ccd6b02) from QuicConnectionAddress{connId=5fa4658caefadd8cab64b27d5af36eddeb9ab26f} (/[0:0:0:0:0:0:0:1%0]:49546, streamId=0)
[2026/01/18 16:44:18   INFO]                   [JWTValidator] Identity token validated successfully for user null (UUID: ababde7f-bafc-4827-b074-009e9ccd6b02)
[2026/01/18 16:44:18   INFO]               [HandshakeHandler] Identity token validated for nikmorking (UUID: ababde7f-bafc-4827-b074-009e9ccd6b02, scope: hytale:editor) from QuicConnectionAddress{connId=5fa4658caefadd8cab64b27d5af36eddeb9ab26f} (/[0:0:0:0:0:0:0:1%0]:49546, streamId=0), requesting auth grant
[2026/01/18 16:44:18 FINEST]                    [LoginTiming] setTimeout-auth-grant-timeout took 9ms 234us 865ns
[2026/01/18 16:44:18   INFO]           [SessionServiceClient] Requesting authorization grant with identity token, aud='856e1cae-a0ed-4bb4-9306-7a7c28de52e5'
[2026/01/18 16:44:18   INFO]           [SessionServiceClient] Successfully obtained authorization grant
[2026/01/18 16:44:18   INFO]               [HandshakeHandler] Sending AuthGrant to QuicConnectionAddress{connId=5fa4658caefadd8cab64b27d5af36eddeb9ab26f} (/[0:0:0:0:0:0:0:1%0]:49546, streamId=0) (with server identity: true)
[2026/01/18 16:44:18 FINEST]                    [LoginTiming] setTimeout-auth-token-timeout took 247ms 901us 881ns
[2026/01/18 16:44:19   INFO]               [HandshakeHandler] Received AuthToken from QuicConnectionAddress{connId=5fa4658caefadd8cab64b27d5af36eddeb9ab26f} (/[0:0:0:0:0:0:0:1%0]:49546, streamId=0), validating JWT (mTLS cert present: true, server auth grant: true)
[2026/01/18 16:44:19   INFO]                [CertificateUtil] Certificate binding validated successfully
[2026/01/18 16:44:19   INFO]                   [JWTValidator] JWT validated successfully for user nikmorking (UUID: ababde7f-bafc-4827-b074-009e9ccd6b02)
[2026/01/18 16:44:19 FINEST] [LoginTiming] setTimeout-server-token-exchange-timeout took 650ms 473us 357ns
[2026/01/18 16:44:19   INFO] [SessionServiceClient] Exchanging authorization grant for access token
[2026/01/18 16:44:19   INFO] [SessionServiceClient] Successfully obtained access token
[2026/01/18 16:44:19   INFO]     [HandshakeHandler] Sending ServerAuthToken to QuicConnectionAddress{connId=5fa4658caefadd8cab64b27d5af36eddeb9ab26f} (/[0:0:0:0:0:0:0:1%0]:49546, streamId=0) (with password challenge: false)
[2026/01/18 16:44:19   INFO]     [HandshakeHandler] Mutual authentication complete for nikmorking (ababde7f-bafc-4827-b074-009e9ccd6b02) from QuicConnectionAddress{connId=5fa4658caefadd8cab64b27d5af36eddeb9ab26f} (/[0:0:0:0:0:0:0:1%0]:49546, streamId=0)
[2026/01/18 16:44:19   FINE]          [LoginTiming] Authenticated took 159ms 538us 667ns
[2026/01/18 16:44:19   INFO] [PasswordPacketHandler] Connection complete for nikmorking (ababde7f-bafc-4827-b074-009e9ccd6b02), transitioning to setup
[2026/01/18 16:44:19   INFO]         [AssetEditor|P] Initializing nikmorking
[2026/01/18 16:44:19   INFO]         [AssetEditor|P] Done Initializing nikmorking
[2026/01/18 17:06:52   INFO] [AssetEditorPacketHandler] nikmorking selecting com.hypixel.hytale.protocol.packets.asseteditor.AssetPath@4dcb7295
[2026/01/18 17:06:52   INFO] [AssetEditorPacketHandler] nikmorking is fetching json asset com.hypixel.hytale.protocol.packets.asseteditor.AssetPath@4dcb7295, from opened tab: true
[2026/01/18 17:06:52   INFO]            [AssetEditor|P] Got 'AssetPath[packId=Hytale:Hytale, path=Server/Item/Items/Recipe/Food/Recipe_Food_Pie_Apple.json]'
[2026/01/18 17:06:52   INFO] [AssetEditorPacketHandler] nikmorking is fetching asset com.hypixel.hytale.protocol.packets.asseteditor.AssetPath@615e2788, from opened tab: true
[2026/01/18 17:06:52   INFO]            [AssetEditor|P] Got 'AssetPath[packId=Hytale:Hytale, path=Common/Items/Consumables/Recipes/Recipe_Texture.png]'
[2026/01/18 17:06:52   INFO] [AssetEditorPacketHandler] nikmorking is fetching asset com.hypixel.hytale.protocol.packets.asseteditor.AssetPath@9a0732c0, from opened tab: true
[2026/01/18 17:06:52   INFO]            [AssetEditor|P] Got 'AssetPath[packId=Hytale:Hytale, path=Common/Items/Consumables/Recipes/Recipe.blockymodel]'
[2026/01/18 17:06:53   INFO] [AssetEditorPacketHandler] nikmorking selecting com.hypixel.hytale.protocol.packets.asseteditor.AssetPath@7f9f9fa0
[2026/01/18 17:06:53   INFO] [AssetEditorPacketHandler] nikmorking is fetching json asset com.hypixel.hytale.protocol.packets.asseteditor.AssetPath@7f9f9fa0, from opened tab: true
[2026/01/18 17:06:53   INFO]            [AssetEditor|P] Got 'AssetPath[packId=Hytale:Hytale, path=Server/Item/Items/Recipe/Food/Recipe_Food_Pie_Meat.json]'
[2026/01/18 17:06:53   INFO] [AssetEditorPacketHandler] nikmorking is fetching asset com.hypixel.hytale.protocol.packets.asseteditor.AssetPath@615e2788, from opened tab: true
[2026/01/18 17:06:53   INFO]            [AssetEditor|P] Got 'AssetPath[packId=Hytale:Hytale, path=Common/Items/Consumables/Recipes/Recipe_Texture.png]'
[2026/01/18 17:06:53   INFO] [AssetEditorPacketHandler] nikmorking is fetching asset com.hypixel.hytale.protocol.packets.asseteditor.AssetPath@9a0732c0, from opened tab: true
[2026/01/18 17:06:53   INFO]            [AssetEditor|P] Got 'AssetPath[packId=Hytale:Hytale, path=Common/Items/Consumables/Recipes/Recipe.blockymodel]'
[2026/01/18 17:06:53   INFO] [AssetEditorPacketHandler] nikmorking selecting com.hypixel.hytale.protocol.packets.asseteditor.AssetPath@a0642c7
[2026/01/18 17:06:53   INFO] [AssetEditorPacketHandler] nikmorking is fetching json asset com.hypixel.hytale.protocol.packets.asseteditor.AssetPath@a0642c7, from opened tab: true
[2026/01/18 17:06:53   INFO]            [AssetEditor|P] Got 'AssetPath[packId=Hytale:Hytale, path=Server/Item/Items/Recipe/Food/Recipe_Food_Pie_Pumpkin.json]'
[2026/01/18 17:06:53   INFO] [AssetEditorPacketHandler] nikmorking is fetching asset com.hypixel.hytale.protocol.packets.asseteditor.AssetPath@615e2788, from opened tab: true
[2026/01/18 17:06:53   INFO]            [AssetEditor|P] Got 'AssetPath[packId=Hytale:Hytale, path=Common/Items/Consumables/Recipes/Recipe_Texture.png]'
[2026/01/18 17:06:53   INFO] [AssetEditorPacketHandler] nikmorking is fetching asset com.hypixel.hytale.protocol.packets.asseteditor.AssetPath@9a0732c0, from opened tab: true
[2026/01/18 17:06:53   INFO]            [AssetEditor|P] Got 'AssetPath[packId=Hytale:Hytale, path=Common/Items/Consumables/Recipes/Recipe.blockymodel]'
[2026/01/18 17:06:53   INFO] [AssetEditorPacketHandler] nikmorking selecting com.hypixel.hytale.protocol.packets.asseteditor.AssetPath@64f6de4c
[2026/01/18 17:06:53   INFO] [AssetEditorPacketHandler] nikmorking is fetching json asset com.hypixel.hytale.protocol.packets.asseteditor.AssetPath@64f6de4c, from opened tab: true
[2026/01/18 17:06:53   INFO]            [AssetEditor|P] Got 'AssetPath[packId=Hytale:Hytale, path=Server/Item/Items/Recipe/Recipe_Book_Magic_Air.json]'
[2026/01/18 17:06:53   INFO] [AssetEditorPacketHandler] nikmorking is fetching asset com.hypixel.hytale.protocol.packets.asseteditor.AssetPath@29e444be, from opened tab: true
[2026/01/18 17:06:53   INFO]            [AssetEditor|P] Got 'AssetPath[packId=Hytale:Hytale, path=Common/BlockTextures/Unknown.png]'
[2026/01/18 17:06:53   INFO] [AssetEditorPacketHandler] nikmorking is fetching asset com.hypixel.hytale.protocol.packets.asseteditor.AssetPath@9ea6f093, from opened tab: true
[2026/01/18 17:06:53   INFO]            [AssetEditor|P] Got 'AssetPath[packId=Hytale:Hytale, path=Common/Blocks/Dungeons/Book_Brown.png]'
[2026/01/18 17:06:53   INFO] [AssetEditorPacketHandler] nikmorking is fetching asset com.hypixel.hytale.protocol.packets.asseteditor.AssetPath@4bed8270, from opened tab: true
[2026/01/18 17:06:53   INFO]            [AssetEditor|P] Got 'AssetPath[packId=Hytale:Hytale, path=Common/Blocks/Dungeons/Book.blockymodel]'
[2026/01/18 17:06:54   INFO] [AssetEditorPacketHandler] nikmorking selecting com.hypixel.hytale.protocol.packets.asseteditor.AssetPath@73f40530
[2026/01/18 17:06:54   INFO] [AssetEditorPacketHandler] nikmorking is fetching json asset com.hypixel.hytale.protocol.packets.asseteditor.AssetPath@73f40530, from opened tab: true
[2026/01/18 17:06:54   INFO]            [AssetEditor|P] Got 'AssetPath[packId=Hytale:Hytale, path=Server/Item/Items/Recipe/Recipe_Book_Magic_Void.json]'
[2026/01/18 17:06:54   INFO] [AssetEditorPacketHandler] nikmorking is fetching asset com.hypixel.hytale.protocol.packets.asseteditor.AssetPath@29e444be, from opened tab: true
[2026/01/18 17:06:54   INFO]            [AssetEditor|P] Got 'AssetPath[packId=Hytale:Hytale, path=Common/BlockTextures/Unknown.png]'
[2026/01/18 17:06:54   INFO] [AssetEditorPacketHandler] nikmorking is fetching asset com.hypixel.hytale.protocol.packets.asseteditor.AssetPath@384ec983, from opened tab: true
[2026/01/18 17:06:54   INFO]            [AssetEditor|P] Got 'AssetPath[packId=Hytale:Hytale, path=Common/Blocks/Dungeons/Book_Purple.png]'
[2026/01/18 17:06:54   INFO] [AssetEditorPacketHandler] nikmorking is fetching asset com.hypixel.hytale.protocol.packets.asseteditor.AssetPath@4bed8270, from opened tab: true
[2026/01/18 17:06:54   INFO]            [AssetEditor|P] Got 'AssetPath[packId=Hytale:Hytale, path=Common/Blocks/Dungeons/Book.blockymodel]'
[2026/01/18 17:06:55   INFO] [AssetEditorPacketHandler] nikmorking selecting com.hypixel.hytale.protocol.packets.asseteditor.AssetPath@3733f2bf
[2026/01/18 17:06:55   INFO] [AssetEditorPacketHandler] nikmorking is fetching json asset com.hypixel.hytale.protocol.packets.asseteditor.AssetPath@3733f2bf, from opened tab: true
[2026/01/18 17:06:55   INFO]            [AssetEditor|P] Got 'AssetPath[packId=Hytale:Hytale, path=Server/Item/Items/Recipe/Recipe_Page.json]'
[2026/01/18 17:06:55   INFO] [AssetEditorPacketHandler] nikmorking is fetching asset com.hypixel.hytale.protocol.packets.asseteditor.AssetPath@615e2788, from opened tab: true
[2026/01/18 17:06:55   INFO]            [AssetEditor|P] Got 'AssetPath[packId=Hytale:Hytale, path=Common/Items/Consumables/Recipes/Recipe_Texture.png]'
[2026/01/18 17:06:55   INFO] [AssetEditorPacketHandler] nikmorking is fetching asset com.hypixel.hytale.protocol.packets.asseteditor.AssetPath@9a0732c0, from opened tab: true
[2026/01/18 17:06:55   INFO]            [AssetEditor|P] Got 'AssetPath[packId=Hytale:Hytale, path=Common/Items/Consumables/Recipes/Recipe.blockymodel]'
[2026/01/18 17:06:55   INFO] [AssetEditorPacketHandler] nikmorking selecting com.hypixel.hytale.protocol.packets.asseteditor.AssetPath@73f40530
[2026/01/18 17:06:55   INFO] [AssetEditorPacketHandler] nikmorking is fetching json asset com.hypixel.hytale.protocol.packets.asseteditor.AssetPath@73f40530, from opened tab: true
[2026/01/18 17:06:55   INFO]            [AssetEditor|P] Got 'AssetPath[packId=Hytale:Hytale, path=Server/Item/Items/Recipe/Recipe_Book_Magic_Void.json]'
[2026/01/18 17:06:55   INFO] [AssetEditorPacketHandler] nikmorking is fetching asset com.hypixel.hytale.protocol.packets.asseteditor.AssetPath@29e444be, from opened tab: true
[2026/01/18 17:06:55   INFO]            [AssetEditor|P] Got 'AssetPath[packId=Hytale:Hytale, path=Common/BlockTextures/Unknown.png]'
[2026/01/18 17:06:55   INFO] [AssetEditorPacketHandler] nikmorking is fetching asset com.hypixel.hytale.protocol.packets.asseteditor.AssetPath@384ec983, from opened tab: true
[2026/01/18 17:06:55   INFO]            [AssetEditor|P] Got 'AssetPath[packId=Hytale:Hytale, path=Common/Blocks/Dungeons/Book_Purple.png]'
[2026/01/18 17:06:55   INFO] [AssetEditorPacketHandler] nikmorking is fetching asset com.hypixel.hytale.protocol.packets.asseteditor.AssetPath@4bed8270, from opened tab: true
[2026/01/18 17:06:55   INFO]            [AssetEditor|P] Got 'AssetPath[packId=Hytale:Hytale, path=Common/Blocks/Dungeons/Book.blockymodel]'
[2026/01/18 17:07:07   INFO] [AssetEditorPacketHandler] nikmorking selecting com.hypixel.hytale.protocol.packets.asseteditor.AssetPath@41bf0ca4
[2026/01/18 17:07:07   INFO] [AssetEditorPacketHandler] nikmorking is fetching asset com.hypixel.hytale.protocol.packets.asseteditor.AssetPath@41bf0ca4, from opened tab: true
[2026/01/18 17:07:07   INFO]            [AssetEditor|P] Got 'AssetPath[packId=Hytale:Hytale, path=Common/Icons/ItemCategories/Items-Recipe.png]'
[2026/01/18 17:07:08   INFO] [AssetEditorPacketHandler] nikmorking selecting com.hypixel.hytale.protocol.packets.asseteditor.AssetPath@3fcd5472
[2026/01/18 17:07:08   INFO] [AssetEditorPacketHandler] nikmorking is fetching asset com.hypixel.hytale.protocol.packets.asseteditor.AssetPath@3fcd5472, from opened tab: true
[2026/01/18 17:07:08   INFO]            [AssetEditor|P] Got 'AssetPath[packId=Hytale:Hytale, path=Common/Icons/ItemsGenerated/Recipe_Food_Pie_Apple.png]'
[2026/01/18 17:07:08   INFO] [AssetEditorPacketHandler] nikmorking selecting com.hypixel.hytale.protocol.packets.asseteditor.AssetPath@f4a53abc
[2026/01/18 17:07:08   INFO] [AssetEditorPacketHandler] nikmorking is fetching asset com.hypixel.hytale.protocol.packets.asseteditor.AssetPath@f4a53abc, from opened tab: true
[2026/01/18 17:07:08   INFO]            [AssetEditor|P] Got 'AssetPath[packId=Hytale:Hytale, path=Common/Icons/ItemsGenerated/Recipe_Plant_Seeds_Health1.png]'
[2026/01/18 17:07:09   INFO] [AssetEditorPacketHandler] nikmorking selecting com.hypixel.hytale.protocol.packets.asseteditor.AssetPath@e79cef1
[2026/01/18 17:07:09   INFO] [AssetEditorPacketHandler] nikmorking is fetching asset com.hypixel.hytale.protocol.packets.asseteditor.AssetPath@e79cef1, from opened tab: true
[2026/01/18 17:07:09   INFO]            [AssetEditor|P] Got 'AssetPath[packId=Hytale:Hytale, path=Common/Icons/ItemsGenerated/Recipe_Plant_Seeds_Mana1.png]'
[2026/01/18 17:07:09   INFO] [AssetEditorPacketHandler] nikmorking selecting com.hypixel.hytale.protocol.packets.asseteditor.AssetPath@e87e672
[2026/01/18 17:07:09   INFO] [AssetEditorPacketHandler] nikmorking is fetching asset com.hypixel.hytale.protocol.packets.asseteditor.AssetPath@e87e672, from opened tab: true
[2026/01/18 17:07:09   INFO]            [AssetEditor|P] Got 'AssetPath[packId=Hytale:Hytale, path=Common/Icons/ItemsGenerated/Recipe_Plant_Seeds_Mana2.png]'
[2026/01/18 17:07:09   INFO] [AssetEditorPacketHandler] nikmorking selecting com.hypixel.hytale.protocol.packets.asseteditor.AssetPath@7f6b621f
[2026/01/18 17:07:09   INFO] [AssetEditorPacketHandler] nikmorking is fetching asset com.hypixel.hytale.protocol.packets.asseteditor.AssetPath@7f6b621f, from opened tab: true
[2026/01/18 17:07:09   INFO]            [AssetEditor|P] Got 'AssetPath[packId=Hytale:Hytale, path=Common/Icons/ItemsGenerated/Recipe_Plant_Seeds_Stamina1.png]'
[2026/01/18 17:07:10   INFO] [AssetEditorPacketHandler] nikmorking selecting com.hypixel.hytale.protocol.packets.asseteditor.AssetPath@7f879121
[2026/01/18 17:07:10   INFO] [AssetEditorPacketHandler] nikmorking is fetching asset com.hypixel.hytale.protocol.packets.asseteditor.AssetPath@7f879121, from opened tab: true
[2026/01/18 17:07:10   INFO]            [AssetEditor|P] Got 'AssetPath[packId=Hytale:Hytale, path=Common/Icons/ItemsGenerated/Recipe_Plant_Seeds_Stamina3.png]'
[2026/01/18 17:07:11   INFO] [AssetEditorPacketHandler] nikmorking selecting com.hypixel.hytale.protocol.packets.asseteditor.AssetPath@2091b80
[2026/01/18 17:07:11   INFO] [AssetEditorPacketHandler] nikmorking is fetching asset com.hypixel.hytale.protocol.packets.asseteditor.AssetPath@2091b80, from opened tab: true
[2026/01/18 17:07:11   INFO]            [AssetEditor|P] Got 'AssetPath[packId=Hytale:Hytale, path=Common/Icons/ResourceTypes/Any_Recipe.png]'
[2026/01/18 17:07:13   INFO] [AssetEditorPacketHandler] nikmorking selecting com.hypixel.hytale.protocol.packets.asseteditor.AssetPath@615e2788
[2026/01/18 17:07:13   INFO] [AssetEditorPacketHandler] nikmorking is fetching asset com.hypixel.hytale.protocol.packets.asseteditor.AssetPath@615e2788, from opened tab: true
[2026/01/18 17:07:13   INFO]            [AssetEditor|P] Got 'AssetPath[packId=Hytale:Hytale, path=Common/Items/Consumables/Recipes/Recipe_Texture.png]'
[2026/01/18 17:07:15   INFO] [AssetEditorPacketHandler] nikmorking selecting com.hypixel.hytale.protocol.packets.asseteditor.AssetPath@9a0732c0
[2026/01/18 17:07:15   INFO] [AssetEditorPacketHandler] nikmorking is fetching asset com.hypixel.hytale.protocol.packets.asseteditor.AssetPath@9a0732c0, from opened tab: true
[2026/01/18 17:07:15   INFO]            [AssetEditor|P] Got 'AssetPath[packId=Hytale:Hytale, path=Common/Items/Consumables/Recipes/Recipe.blockymodel]'
[2026/01/18 17:07:15   INFO] [AssetEditorPacketHandler] nikmorking selecting com.hypixel.hytale.protocol.packets.asseteditor.AssetPath@615e2788
[2026/01/18 17:07:15   INFO] [AssetEditorPacketHandler] nikmorking is fetching asset com.hypixel.hytale.protocol.packets.asseteditor.AssetPath@615e2788, from opened tab: true
[2026/01/18 17:07:15   INFO]            [AssetEditor|P] Got 'AssetPath[packId=Hytale:Hytale, path=Common/Items/Consumables/Recipes/Recipe_Texture.png]'
[2026/01/18 17:07:56   INFO] [AssetEditorPacketHandler] nikmorking selecting com.hypixel.hytale.protocol.packets.asseteditor.AssetPath@9d0b25a2
[2026/01/18 17:07:56   INFO] [AssetEditorPacketHandler] nikmorking is fetching json asset com.hypixel.hytale.protocol.packets.asseteditor.AssetPath@9d0b25a2, from opened tab: true
[2026/01/18 17:07:56   INFO]            [AssetEditor|P] Got 'AssetPath[packId=Hytale:Hytale, path=Server/Projectiles/Hypixel/Minigames/GunPvP/GunPvP_Assault_Rifle_Bullet.json]'
[2026/01/18 17:07:57   INFO] [AssetEditorPacketHandler] nikmorking selecting com.hypixel.hytale.protocol.packets.asseteditor.AssetPath@d46cfced
[2026/01/18 17:07:57   INFO] [AssetEditorPacketHandler] nikmorking is fetching json asset com.hypixel.hytale.protocol.packets.asseteditor.AssetPath@d46cfced, from opened tab: true
[2026/01/18 17:07:57   INFO]            [AssetEditor|P] Got 'AssetPath[packId=Hytale:Hytale, path=Server/Projectiles/Hypixel/Minigames/GunPvP/GunPvP_Handgun_Bullet.json]'
[2026/01/18 17:07:57   INFO] [AssetEditorPacketHandler] nikmorking selecting com.hypixel.hytale.protocol.packets.asseteditor.AssetPath@9d0b25a2
[2026/01/18 17:07:57   INFO] [AssetEditorPacketHandler] nikmorking is fetching json asset com.hypixel.hytale.protocol.packets.asseteditor.AssetPath@9d0b25a2, from opened tab: true
[2026/01/18 17:07:57   INFO]            [AssetEditor|P] Got 'AssetPath[packId=Hytale:Hytale, path=Server/Projectiles/Hypixel/Minigames/GunPvP/GunPvP_Assault_Rifle_Bullet.json]'
[2026/01/18 17:08:05   INFO] [AssetEditorPacketHandler] nikmorking selecting com.hypixel.hytale.protocol.packets.asseteditor.AssetPath@56ee8c5
[2026/01/18 17:08:05   INFO] [AssetEditorPacketHandler] nikmorking is fetching json asset com.hypixel.hytale.protocol.packets.asseteditor.AssetPath@56ee8c5, from opened tab: true
[2026/01/18 17:08:05   INFO]            [AssetEditor|P] Got 'AssetPath[packId=Hytale:Hytale, path=Server/PrefabList/Trees_Amber.json]'
[2026/01/18 17:08:06   INFO] [AssetEditorPacketHandler] nikmorking selecting com.hypixel.hytale.protocol.packets.asseteditor.AssetPath@3238ed05
[2026/01/18 17:08:06   INFO] [AssetEditorPacketHandler] nikmorking is fetching json asset com.hypixel.hytale.protocol.packets.asseteditor.AssetPath@3238ed05, from opened tab: true
[2026/01/18 17:08:06   INFO]            [AssetEditor|P] Got 'AssetPath[packId=Hytale:Hytale, path=Server/PrefabList/Trees_Ash_twisted_Giant.json]'
[2026/01/18 17:08:06   INFO] [AssetEditorPacketHandler] nikmorking selecting com.hypixel.hytale.protocol.packets.asseteditor.AssetPath@26869481
[2026/01/18 17:08:06   INFO] [AssetEditorPacketHandler] nikmorking is fetching json asset com.hypixel.hytale.protocol.packets.asseteditor.AssetPath@26869481, from opened tab: true
[2026/01/18 17:08:06   INFO]            [AssetEditor|P] Got 'AssetPath[packId=Hytale:Hytale, path=Server/PrefabList/Trees_Aspen.json]'
[2026/01/18 17:08:11   INFO] [AssetEditorPacketHandler] nikmorking selecting com.hypixel.hytale.protocol.packets.asseteditor.AssetPath@e284779e
[2026/01/18 17:08:11   INFO] [AssetEditorPacketHandler] nikmorking is fetching json asset com.hypixel.hytale.protocol.packets.asseteditor.AssetPath@e284779e, from opened tab: true
[2026/01/18 17:08:11   INFO]            [AssetEditor|P] Got 'AssetPath[packId=Hytale:Hytale, path=Server/PrefabList/Trees_Bamboo.json]'
[2026/01/18 17:08:15   INFO] [AssetEditorPacketHandler] nikmorking selecting com.hypixel.hytale.protocol.packets.asseteditor.AssetPath@78441bd3
[2026/01/18 17:08:15   INFO] [AssetEditorPacketHandler] nikmorking is fetching json asset com.hypixel.hytale.protocol.packets.asseteditor.AssetPath@78441bd3, from opened tab: true
[2026/01/18 17:08:15   INFO]            [AssetEditor|P] Got 'AssetPath[packId=Hytale:Hytale, path=Server/PrefabEditorCreationSettings/Prefab Editor Demo.json]'
[2026/01/18 17:08:17   INFO] [AssetEditorPacketHandler] nikmorking selecting com.hypixel.hytale.protocol.packets.asseteditor.AssetPath@6a773198
[2026/01/18 17:08:17   INFO] [AssetEditorPacketHandler] nikmorking is fetching json asset com.hypixel.hytale.protocol.packets.asseteditor.AssetPath@6a773198, from opened tab: true
[2026/01/18 17:08:17   INFO]            [AssetEditor|P] Got 'AssetPath[packId=Hytale:Hytale, path=Server/PortalTypes/Hederas_Lair.json]'
[2026/01/18 17:08:17   INFO] [AssetEditorPacketHandler] nikmorking selecting com.hypixel.hytale.protocol.packets.asseteditor.AssetPath@6886e98b
[2026/01/18 17:08:17   INFO] [AssetEditorPacketHandler] nikmorking is fetching json asset com.hypixel.hytale.protocol.packets.asseteditor.AssetPath@6886e98b, from opened tab: true
[2026/01/18 17:08:17   INFO]            [AssetEditor|P] Got 'AssetPath[packId=Hytale:Hytale, path=Server/PortalTypes/Henges.json]'
[2026/01/18 17:08:19   INFO] [AssetEditorPacketHandler] nikmorking selecting com.hypixel.hytale.protocol.packets.asseteditor.AssetPath@6a773198
[2026/01/18 17:08:19   INFO] [AssetEditorPacketHandler] nikmorking is fetching json asset com.hypixel.hytale.protocol.packets.asseteditor.AssetPath@6a773198, from opened tab: true
[2026/01/18 17:08:19   INFO]            [AssetEditor|P] Got 'AssetPath[packId=Hytale:Hytale, path=Server/PortalTypes/Hederas_Lair.json]'
[2026/01/18 17:10:01   INFO] [AssetEditorPacketHandler] nikmorking selecting com.hypixel.hytale.protocol.packets.asseteditor.AssetPath@5717e18
[2026/01/18 17:10:01   INFO] [AssetEditorPacketHandler] nikmorking is fetching json asset com.hypixel.hytale.protocol.packets.asseteditor.AssetPath@5717e18, from opened tab: true
[2026/01/18 17:10:01   INFO]            [AssetEditor|P] Got 'AssetPath[packId=Hytale:Hytale, path=Server/Item/Interactions/Weapons/Staff/Attacks/Staff_Cast_Cost.json]'
[2026/01/18 17:10:02   INFO] [AssetEditorPacketHandler] nikmorking selecting com.hypixel.hytale.protocol.packets.asseteditor.AssetPath@f35bacd4
[2026/01/18 17:10:02   INFO] [AssetEditorPacketHandler] nikmorking is fetching json asset com.hypixel.hytale.protocol.packets.asseteditor.AssetPath@f35bacd4, from opened tab: true
[2026/01/18 17:10:02   INFO]            [AssetEditor|P] Got 'AssetPath[packId=Hytale:Hytale, path=Server/Item/Interactions/Weapons/Staff/Attacks/Staff_Cast_Effect.json]'
[2026/01/18 17:10:02   INFO] [AssetEditorPacketHandler] nikmorking selecting com.hypixel.hytale.protocol.packets.asseteditor.AssetPath@f5494167
[2026/01/18 17:10:02   INFO] [AssetEditorPacketHandler] nikmorking is fetching json asset com.hypixel.hytale.protocol.packets.asseteditor.AssetPath@f5494167, from opened tab: true
[2026/01/18 17:10:02   INFO]            [AssetEditor|P] Got 'AssetPath[packId=Hytale:Hytale, path=Server/Item/Interactions/Weapons/Staff/Attacks/Staff_Cast_Fail.json]'
[2026/01/18 17:10:18   INFO] [AssetEditorPacketHandler] nikmorking selecting com.hypixel.hytale.protocol.packets.asseteditor.AssetPath@bc1ab5fc
[2026/01/18 17:10:18   INFO] [AssetEditorPacketHandler] nikmorking is fetching json asset com.hypixel.hytale.protocol.packets.asseteditor.AssetPath@bc1ab5fc, from opened tab: true
[2026/01/18 17:10:18   INFO]            [AssetEditor|P] Got 'AssetPath[packId=Hytale:Hytale, path=Server/Item/Interactions/Weapons/Sword/Attacks/Signature/VortexStrike/Weapon_Sword_Signature_Vortexstrike_Spin.json]'
[2026/01/18 17:10:21   INFO] [AssetEditorPacketHandler] nikmorking selecting com.hypixel.hytale.protocol.packets.asseteditor.AssetPath@6376ec70
[2026/01/18 17:10:21   INFO] [AssetEditorPacketHandler] nikmorking is fetching json asset com.hypixel.hytale.protocol.packets.asseteditor.AssetPath@6376ec70, from opened tab: true
[2026/01/18 17:10:21   INFO]            [AssetEditor|P] Got 'AssetPath[packId=Hytale:Hytale, path=Server/Item/Interactions/Weapons/Sword/Attacks/Signature/VortexStrike/Weapon_Sword_Signature_Vortexstrike_Spin_Force.json]'
[2026/01/18 17:10:27   INFO] [AssetEditorPacketHandler] nikmorking selecting com.hypixel.hytale.protocol.packets.asseteditor.AssetPath@b944ddb0
[2026/01/18 17:10:27   INFO] [AssetEditorPacketHandler] nikmorking is fetching json asset com.hypixel.hytale.protocol.packets.asseteditor.AssetPath@b944ddb0, from opened tab: true
[2026/01/18 17:10:27   INFO]            [AssetEditor|P] Got 'AssetPath[packId=Hytale:Hytale, path=Server/Item/Interactions/Weapons/Sword/Attacks/Signature/VortexStrike/Weapon_Sword_Signature_Vortexstrike_Spin_Damage.json]'
[2026/01/18 17:10:27   INFO] [AssetEditorPacketHandler] nikmorking is fetching json asset com.hypixel.hytale.protocol.packets.asseteditor.AssetPath@4f86e22b, from opened tab: true
[2026/01/18 17:10:27   INFO]            [AssetEditor|P] Got 'AssetPath[packId=Hytale:Hytale, path=Server/Item/Interactions/Weapons/DamageEntityParent.json]'
[2026/01/18 17:10:28   INFO] [AssetEditorPacketHandler] nikmorking selecting com.hypixel.hytale.protocol.packets.asseteditor.AssetPath@eb3e34ce
[2026/01/18 17:10:28   INFO] [AssetEditorPacketHandler] nikmorking is fetching json asset com.hypixel.hytale.protocol.packets.asseteditor.AssetPath@eb3e34ce, from opened tab: true
[2026/01/18 17:10:28   INFO]            [AssetEditor|P] Got 'AssetPath[packId=Hytale:Hytale, path=Server/Item/Interactions/Weapons/Sword/Attacks/Signature/VortexStrike/Weapon_Sword_Signature_Vortexstrike_Spin_Effect.json]'
[2026/01/18 17:11:03   INFO] [AssetEditorPacketHandler] nikmorking selecting com.hypixel.hytale.protocol.packets.asseteditor.AssetPath@fbad4fb6
[2026/01/18 17:11:03   INFO] [AssetEditorPacketHandler] nikmorking is fetching json asset com.hypixel.hytale.protocol.packets.asseteditor.AssetPath@fbad4fb6, from opened tab: true
[2026/01/18 17:11:03   INFO]            [AssetEditor|P] Got 'AssetPath[packId=Hytale:Hytale, path=Server/Item/Items/Weapon/Staff/Weapon_Staff_Bo_Bamboo.json]'
[2026/01/18 17:11:03   INFO] [AssetEditorPacketHandler] nikmorking is fetching asset com.hypixel.hytale.protocol.packets.asseteditor.AssetPath@fe5f40ea, from opened tab: true
[2026/01/18 17:11:03   INFO]            [AssetEditor|P] Got 'AssetPath[packId=Hytale:Hytale, path=Common/Items/Weapons/Staff/Bo_Bamboo_Texture.png]'
[2026/01/18 17:11:03   INFO] [AssetEditorPacketHandler] nikmorking is fetching asset com.hypixel.hytale.protocol.packets.asseteditor.AssetPath@1e5dbc5b, from opened tab: true
[2026/01/18 17:11:03   INFO]            [AssetEditor|P] Got 'AssetPath[packId=Hytale:Hytale, path=Common/Items/Weapons/Staff/Bo_Wood.blockymodel]'
[2026/01/18 17:11:03   INFO] [AssetEditorPacketHandler] nikmorking selecting com.hypixel.hytale.protocol.packets.asseteditor.AssetPath@cbfa0bc
[2026/01/18 17:11:03   INFO] [AssetEditorPacketHandler] nikmorking is fetching json asset com.hypixel.hytale.protocol.packets.asseteditor.AssetPath@cbfa0bc, from opened tab: true
[2026/01/18 17:11:03   INFO]            [AssetEditor|P] Got 'AssetPath[packId=Hytale:Hytale, path=Server/Item/Items/Weapon/Staff/Weapon_Staff_Adamantite.json]'
[2026/01/18 17:11:03   INFO] [AssetEditorPacketHandler] nikmorking is fetching asset com.hypixel.hytale.protocol.packets.asseteditor.AssetPath@3ee9cafa, from opened tab: true
[2026/01/18 17:11:03   INFO]            [AssetEditor|P] Got 'AssetPath[packId=Hytale:Hytale, path=Common/Items/Weapons/Staff/Adamantite_Texture.png]'
[2026/01/18 17:11:03   INFO] [AssetEditorPacketHandler] nikmorking is fetching asset com.hypixel.hytale.protocol.packets.asseteditor.AssetPath@7792d632, from opened tab: true
[2026/01/18 17:11:03   INFO]            [AssetEditor|P] Got 'AssetPath[packId=Hytale:Hytale, path=Common/Items/Weapons/Staff/Adamantite.blockymodel]'
[2026/01/18 17:11:06   INFO] [AssetEditorPacketHandler] nikmorking selecting com.hypixel.hytale.protocol.packets.asseteditor.AssetPath@fbad4fb6
[2026/01/18 17:11:06   INFO] [AssetEditorPacketHandler] nikmorking is fetching json asset com.hypixel.hytale.protocol.packets.asseteditor.AssetPath@fbad4fb6, from opened tab: true
[2026/01/18 17:11:06   INFO]            [AssetEditor|P] Got 'AssetPath[packId=Hytale:Hytale, path=Server/Item/Items/Weapon/Staff/Weapon_Staff_Bo_Bamboo.json]'
[2026/01/18 17:11:06   INFO] [AssetEditorPacketHandler] nikmorking is fetching asset com.hypixel.hytale.protocol.packets.asseteditor.AssetPath@fe5f40ea, from opened tab: true
[2026/01/18 17:11:06   INFO]            [AssetEditor|P] Got 'AssetPath[packId=Hytale:Hytale, path=Common/Items/Weapons/Staff/Bo_Bamboo_Texture.png]'
[2026/01/18 17:11:06   INFO] [AssetEditorPacketHandler] nikmorking is fetching asset com.hypixel.hytale.protocol.packets.asseteditor.AssetPath@1e5dbc5b, from opened tab: true
[2026/01/18 17:11:06   INFO]            [AssetEditor|P] Got 'AssetPath[packId=Hytale:Hytale, path=Common/Items/Weapons/Staff/Bo_Wood.blockymodel]'
[2026/01/18 17:11:07   INFO] [AssetEditorPacketHandler] nikmorking selecting com.hypixel.hytale.protocol.packets.asseteditor.AssetPath@3703eadd
[2026/01/18 17:11:07   INFO] [AssetEditorPacketHandler] nikmorking is fetching json asset com.hypixel.hytale.protocol.packets.asseteditor.AssetPath@3703eadd, from opened tab: true
[2026/01/18 17:11:07   INFO]            [AssetEditor|P] Got 'AssetPath[packId=Hytale:Hytale, path=Server/Item/Items/Weapon/Staff/Weapon_Staff_Bo_Wood.json]'
[2026/01/18 17:11:07   INFO] [AssetEditorPacketHandler] nikmorking is fetching asset com.hypixel.hytale.protocol.packets.asseteditor.AssetPath@e5b4b123, from opened tab: true
[2026/01/18 17:11:07   INFO]            [AssetEditor|P] Got 'AssetPath[packId=Hytale:Hytale, path=Common/Items/Weapons/Staff/Bo_Wood_Texture.png]'
[2026/01/18 17:11:07   INFO] [AssetEditorPacketHandler] nikmorking is fetching asset com.hypixel.hytale.protocol.packets.asseteditor.AssetPath@1e5dbc5b, from opened tab: true
[2026/01/18 17:11:07   INFO]            [AssetEditor|P] Got 'AssetPath[packId=Hytale:Hytale, path=Common/Items/Weapons/Staff/Bo_Wood.blockymodel]'
[2026/01/18 17:11:07   INFO] [AssetEditorPacketHandler] nikmorking selecting com.hypixel.hytale.protocol.packets.asseteditor.AssetPath@12b0bd9a
[2026/01/18 17:11:07   INFO] [AssetEditorPacketHandler] nikmorking is fetching json asset com.hypixel.hytale.protocol.packets.asseteditor.AssetPath@12b0bd9a, from opened tab: true
[2026/01/18 17:11:07   INFO]            [AssetEditor|P] Got 'AssetPath[packId=Hytale:Hytale, path=Server/Item/Items/Weapon/Staff/Weapon_Staff_Bone.json]'
[2026/01/18 17:11:07   INFO] [AssetEditorPacketHandler] nikmorking is fetching asset com.hypixel.hytale.protocol.packets.asseteditor.AssetPath@ac36fbf5, from opened tab: true
[2026/01/18 17:11:07   INFO]            [AssetEditor|P] Got 'AssetPath[packId=Hytale:Hytale, path=Common/NPC/Intelligent/Feran/Models/Weapons/Staff/Bone_Texture.png]'
[2026/01/18 17:11:07   INFO] [AssetEditorPacketHandler] nikmorking is fetching asset com.hypixel.hytale.protocol.packets.asseteditor.AssetPath@e4e0072d, from opened tab: true
[2026/01/18 17:11:07   INFO]            [AssetEditor|P] Got 'AssetPath[packId=Hytale:Hytale, path=Common/NPC/Intelligent/Feran/Models/Weapons/Staff/Bone.blockymodel]'
[2026/01/18 17:11:08   INFO] [AssetEditorPacketHandler] nikmorking selecting com.hypixel.hytale.protocol.packets.asseteditor.AssetPath@7761e444
[2026/01/18 17:11:08   INFO] [AssetEditorPacketHandler] nikmorking is fetching json asset com.hypixel.hytale.protocol.packets.asseteditor.AssetPath@7761e444, from opened tab: true
[2026/01/18 17:11:08   INFO]            [AssetEditor|P] Got 'AssetPath[packId=Hytale:Hytale, path=Server/Item/Items/Weapon/Staff/Weapon_Staff_Bronze.json]'
[2026/01/18 17:11:08   INFO] [AssetEditorPacketHandler] nikmorking is fetching asset com.hypixel.hytale.protocol.packets.asseteditor.AssetPath@a38bd3f2, from opened tab: true
[2026/01/18 17:11:08   INFO]            [AssetEditor|P] Got 'AssetPath[packId=Hytale:Hytale, path=Common/Items/Weapons/Staff/Bronze_Texture.png]'
[2026/01/18 17:11:08   INFO] [AssetEditorPacketHandler] nikmorking is fetching asset com.hypixel.hytale.protocol.packets.asseteditor.AssetPath@dc34df2a, from opened tab: true
[2026/01/18 17:11:08   INFO]            [AssetEditor|P] Got 'AssetPath[packId=Hytale:Hytale, path=Common/Items/Weapons/Staff/Bronze.blockymodel]'
[2026/01/18 17:11:09   INFO] [AssetEditorPacketHandler] nikmorking selecting com.hypixel.hytale.protocol.packets.asseteditor.AssetPath@f8a4b869
[2026/01/18 17:11:09   INFO] [AssetEditorPacketHandler] nikmorking is fetching json asset com.hypixel.hytale.protocol.packets.asseteditor.AssetPath@f8a4b869, from opened tab: true
[2026/01/18 17:11:09   INFO]            [AssetEditor|P] Got 'AssetPath[packId=Hytale:Hytale, path=Server/Item/Items/Weapon/Staff/Weapon_Staff_Cane.json]'
[2026/01/18 17:11:09   INFO] [AssetEditorPacketHandler] nikmorking is fetching asset com.hypixel.hytale.protocol.packets.asseteditor.AssetPath@b3ba1837, from opened tab: true
[2026/01/18 17:11:09   INFO]            [AssetEditor|P] Got 'AssetPath[packId=Hytale:Hytale, path=Common/NPC/Intelligent/Klops/Models/Weapons/Staff/Cane_Texture.png]'
[2026/01/18 17:11:09   INFO] [AssetEditorPacketHandler] nikmorking is fetching asset com.hypixel.hytale.protocol.packets.asseteditor.AssetPath@ec63236f, from opened tab: true
[2026/01/18 17:11:09   INFO]            [AssetEditor|P] Got 'AssetPath[packId=Hytale:Hytale, path=Common/NPC/Intelligent/Klops/Models/Weapons/Staff/Cane.blockymodel]'
[2026/01/18 17:11:09   INFO] [AssetEditorPacketHandler] nikmorking selecting com.hypixel.hytale.protocol.packets.asseteditor.AssetPath@9682cd0b
[2026/01/18 17:11:09   INFO] [AssetEditorPacketHandler] nikmorking is fetching json asset com.hypixel.hytale.protocol.packets.asseteditor.AssetPath@9682cd0b, from opened tab: true
[2026/01/18 17:11:09   INFO]            [AssetEditor|P] Got 'AssetPath[packId=Hytale:Hytale, path=Server/Item/Items/Weapon/Staff/Weapon_Staff_Cobalt.json]'
[2026/01/18 17:11:09   INFO] [AssetEditorPacketHandler] nikmorking is fetching asset com.hypixel.hytale.protocol.packets.asseteditor.AssetPath@111fcd4b, from opened tab: true
[2026/01/18 17:11:09   INFO]            [AssetEditor|P] Got 'AssetPath[packId=Hytale:Hytale, path=Common/Items/Weapons/Staff/Cobalt_Texture.png]'
[2026/01/18 17:11:09   INFO] [AssetEditorPacketHandler] nikmorking is fetching asset com.hypixel.hytale.protocol.packets.asseteditor.AssetPath@49c8d883, from opened tab: true
[2026/01/18 17:11:09   INFO]            [AssetEditor|P] Got 'AssetPath[packId=Hytale:Hytale, path=Common/Items/Weapons/Staff/Cobalt.blockymodel]'
[2026/01/18 17:11:11   INFO] [AssetEditorPacketHandler] nikmorking selecting com.hypixel.hytale.protocol.packets.asseteditor.AssetPath@52bd3025
[2026/01/18 17:11:11   INFO] [AssetEditorPacketHandler] nikmorking is fetching json asset com.hypixel.hytale.protocol.packets.asseteditor.AssetPath@52bd3025, from opened tab: true
[2026/01/18 17:11:11   INFO]            [AssetEditor|P] Got 'AssetPath[packId=Hytale:Hytale, path=Server/Item/Items/Weapon/Staff/Weapon_Staff_Copper.json]'
[2026/01/18 17:11:11   INFO] [AssetEditorPacketHandler] nikmorking is fetching asset com.hypixel.hytale.protocol.packets.asseteditor.AssetPath@a0de98f1, from opened tab: true
[2026/01/18 17:11:11   INFO]            [AssetEditor|P] Got 'AssetPath[packId=Hytale:Hytale, path=Common/Items/Weapons/Staff/Copper_Texture.png]'
[2026/01/18 17:11:11   INFO] [AssetEditorPacketHandler] nikmorking is fetching asset com.hypixel.hytale.protocol.packets.asseteditor.AssetPath@d987a429, from opened tab: true
[2026/01/18 17:11:11   INFO]            [AssetEditor|P] Got 'AssetPath[packId=Hytale:Hytale, path=Common/Items/Weapons/Staff/Copper.blockymodel]'
[2026/01/18 17:11:12   INFO] [AssetEditorPacketHandler] nikmorking selecting com.hypixel.hytale.protocol.packets.asseteditor.AssetPath@7b04c554
[2026/01/18 17:11:12   INFO] [AssetEditorPacketHandler] nikmorking is fetching json asset com.hypixel.hytale.protocol.packets.asseteditor.AssetPath@7b04c554, from opened tab: true
[2026/01/18 17:11:12   INFO]            [AssetEditor|P] Got 'AssetPath[packId=Hytale:Hytale, path=Server/Item/Items/Weapon/Staff/Weapon_Staff_Crystal_Fire_Trork.json]'
[2026/01/18 17:11:12   INFO] [AssetEditorPacketHandler] nikmorking is fetching asset com.hypixel.hytale.protocol.packets.asseteditor.AssetPath@245d1e9a, from opened tab: true
[2026/01/18 17:11:12   INFO]            [AssetEditor|P] Got 'AssetPath[packId=Hytale:Hytale, path=Common/NPC/Intelligent/Trork/Models/Weapons/Staff/Crystal_Fire_Texture.png]'
[2026/01/18 17:11:12   INFO] [AssetEditorPacketHandler] nikmorking is fetching asset com.hypixel.hytale.protocol.packets.asseteditor.AssetPath@18d4ee2f, from opened tab: true
[2026/01/18 17:11:12   INFO]            [AssetEditor|P] Got 'AssetPath[packId=Hytale:Hytale, path=Common/NPC/Intelligent/Trork/Models/Weapons/Staff/Crystal.blockymodel]'
[2026/01/18 17:11:13   INFO] [AssetEditorPacketHandler] nikmorking selecting com.hypixel.hytale.protocol.packets.asseteditor.AssetPath@b57a132
[2026/01/18 17:11:13   INFO] [AssetEditorPacketHandler] nikmorking is fetching json asset com.hypixel.hytale.protocol.packets.asseteditor.AssetPath@b57a132, from opened tab: true
[2026/01/18 17:11:13   INFO]            [AssetEditor|P] Got 'AssetPath[packId=Hytale:Hytale, path=Server/Item/Items/Weapon/Staff/Weapon_Staff_Crystal_Flame.json]'
[2026/01/18 17:11:13   INFO] [AssetEditorPacketHandler] nikmorking is fetching asset com.hypixel.hytale.protocol.packets.asseteditor.AssetPath@a3f1516e, from opened tab: true
[2026/01/18 17:11:13   INFO]            [AssetEditor|P] Got 'AssetPath[packId=Hytale:Hytale, path=Common/Items/Weapons/Staff/Crystal_Flame_Texture.png]'
[2026/01/18 17:11:13   INFO] [AssetEditorPacketHandler] nikmorking is fetching asset com.hypixel.hytale.protocol.packets.asseteditor.AssetPath@dc9a5ca6, from opened tab: true
[2026/01/18 17:11:13   INFO]            [AssetEditor|P] Got 'AssetPath[packId=Hytale:Hytale, path=Common/Items/Weapons/Staff/Crystal_Flame.blockymodel]'
[2026/01/18 17:11:13   INFO] [AssetEditorPacketHandler] nikmorking selecting com.hypixel.hytale.protocol.packets.asseteditor.AssetPath@342842da
[2026/01/18 17:11:13   INFO] [AssetEditorPacketHandler] nikmorking is fetching json asset com.hypixel.hytale.protocol.packets.asseteditor.AssetPath@342842da, from opened tab: true
[2026/01/18 17:11:13   INFO]            [AssetEditor|P] Got 'AssetPath[packId=Hytale:Hytale, path=Server/Item/Items/Weapon/Staff/Weapon_Staff_Crystal_Ice.json]'
[2026/01/18 17:11:13   INFO] [AssetEditorPacketHandler] nikmorking is fetching asset com.hypixel.hytale.protocol.packets.asseteditor.AssetPath@ee44f806, from opened tab: true
[2026/01/18 17:11:13   INFO]            [AssetEditor|P] Got 'AssetPath[packId=Hytale:Hytale, path=Common/Items/Weapons/Staff/Crystal_Ice_Texture.png]'
[2026/01/18 17:11:13   INFO] [AssetEditorPacketHandler] nikmorking is fetching asset com.hypixel.hytale.protocol.packets.asseteditor.AssetPath@26ee033e, from opened tab: true
[2026/01/18 17:11:13   INFO]            [AssetEditor|P] Got 'AssetPath[packId=Hytale:Hytale, path=Common/Items/Weapons/Staff/Crystal_Ice.blockymodel]'
[2026/01/18 17:11:14   INFO] [AssetEditorPacketHandler] nikmorking selecting com.hypixel.hytale.protocol.packets.asseteditor.AssetPath@b57a132
[2026/01/18 17:11:14   INFO] [AssetEditorPacketHandler] nikmorking is fetching json asset com.hypixel.hytale.protocol.packets.asseteditor.AssetPath@b57a132, from opened tab: true
[2026/01/18 17:11:14   INFO]            [AssetEditor|P] Got 'AssetPath[packId=Hytale:Hytale, path=Server/Item/Items/Weapon/Staff/Weapon_Staff_Crystal_Flame.json]'
[2026/01/18 17:11:14   INFO] [AssetEditorPacketHandler] nikmorking is fetching asset com.hypixel.hytale.protocol.packets.asseteditor.AssetPath@a3f1516e, from opened tab: true
[2026/01/18 17:11:14   INFO]            [AssetEditor|P] Got 'AssetPath[packId=Hytale:Hytale, path=Common/Items/Weapons/Staff/Crystal_Flame_Texture.png]'
[2026/01/18 17:11:14   INFO] [AssetEditorPacketHandler] nikmorking is fetching asset com.hypixel.hytale.protocol.packets.asseteditor.AssetPath@dc9a5ca6, from opened tab: true
[2026/01/18 17:11:14   INFO]            [AssetEditor|P] Got 'AssetPath[packId=Hytale:Hytale, path=Common/Items/Weapons/Staff/Crystal_Flame.blockymodel]'
[2026/01/18 17:11:42   INFO] [AssetEditorPacketHandler] nikmorking is fetching asset com.hypixel.hytale.protocol.packets.asseteditor.AssetPath@b57a132, from opened tab: false
[2026/01/18 17:11:42   INFO]            [AssetEditor|P] Got 'AssetPath[packId=Hytale:Hytale, path=Server/Item/Items/Weapon/Staff/Weapon_Staff_Crystal_Flame.json]'
[2026/01/18 17:13:11   INFO] [AssetEditorPacketHandler] nikmorking is creating a new asset pack: Nikmorking:Terra
[2026/01/18 17:13:11   INFO]                   [Hytale] Loading common assets from: /home/nikmorking/.var/app/com.hypixel.HytaleLauncher/data/Hytale/UserData/Packs/Terra/Terra/mods/Nikmorking.Terra
[2026/01/18 17:13:11   WARN]      [CommonAssetModule|P] Duplicated Asset Count: 931
[2026/01/18 17:13:11   INFO]                   [Hytale] Loading common assets phase completed! Boot time 145us 884ns, Took 87us 622ns
[2026/01/18 17:13:11   INFO]                   [Hytale] Loading assets from: /home/nikmorking/.var/app/com.hypixel.HytaleLauncher/data/Hytale/UserData/Packs/Terra/Terra/mods/Nikmorking.Terra/Server
[2026/01/18 17:13:11   INFO]      [AssetRegistryLoader] Loading assets from /home/nikmorking/.var/app/com.hypixel.HytaleLauncher/data/Hytale/UserData/Packs/Terra/Terra/mods/Nikmorking.Terra/Server
[2026/01/18 17:13:11   INFO]      [AssetRegistryLoader] Took 2ms 616us 920ns to load all assets
[2026/01/18 17:13:11   INFO]                [AssetTree] Loaded Server/ asset tree! Took: 839us 243ns
[2026/01/18 17:13:11   INFO]                [AssetTree] Loaded Common/ asset tree! Took: 4us 30ns
[2026/01/18 17:13:11   INFO]                [AssetTree] Sorted asset tree! Took: 150us 564ns
[2026/01/18 17:13:11   INFO]                    [NPC|P] Starting to load NPC builders!
[2026/01/18 17:13:11   INFO]                    [NPC|P] Validating loaded NPC configurations...
[2026/01/18 17:13:11   WARN]                    [NPC|P] Animation Wave does not exist for model Temple_Mithril_Guard!
[2026/01/18 17:13:11   WARN]                    [NPC|P] Animation Eat does not exist for model Hatworm!
[2026/01/18 17:13:11   WARN]                    [NPC|P] Animation Curious does not exist for model Hatworm!
[2026/01/18 17:13:11   WARN]                    [NPC|P] Animation GreetAnimation does not exist for model Hatworm!
[2026/01/18 17:13:11   WARN]                    [NPC|P] Animation Sleep does not exist for model Wraith_Lantern!
[2026/01/18 17:13:11   WARN]                    [NPC|P] Animation Alerted does not exist for model Wraith_Lantern!
[2026/01/18 17:13:11   WARN]                    [NPC|P] Animation Laydown does not exist for model Wraith_Lantern!
[2026/01/18 17:13:11   WARN]                    [NPC|P] Animation Wake does not exist for model Wraith_Lantern!
[2026/01/18 17:13:11   WARN]                    [NPC|P] Animation Eat does not exist for model Spark_Living!
[2026/01/18 17:13:11   WARN]                    [NPC|P] Animation Curious does not exist for model Spark_Living!
[2026/01/18 17:13:11   WARN]                    [NPC|P] Animation GreetAnimation does not exist for model Spark_Living!
[2026/01/18 17:13:11   WARN]                    [NPC|P] Animation Eat does not exist for model Trillodon!
[2026/01/18 17:13:11   WARN]                    [NPC|P] Animation Curious does not exist for model Trillodon!
[2026/01/18 17:13:11   WARN]                    [NPC|P] Animation GreetAnimation does not exist for model Trillodon!
[2026/01/18 17:13:11   WARN]                    [NPC|P] Animation Wave does not exist for model Frog_Orange!
[2026/01/18 17:13:11   WARN]                    [NPC|P] Animation GreetAnimation does not exist for model Tortoise!
[2026/01/18 17:13:11   WARN]                    [NPC|P] Animation Rally does not exist for model Outlander_Sorcerer!
[2026/01/18 17:13:11   WARN]                    [NPC|P] Animation Sleep does not exist for model Slug_Magma!
[2026/01/18 17:13:11   WARN]                    [NPC|P] Animation Alerted does not exist for model Slug_Magma!
[2026/01/18 17:13:11   WARN]                    [NPC|P] Animation Laydown does not exist for model Slug_Magma!
[2026/01/18 17:13:11   WARN]                    [NPC|P] Animation Wake does not exist for model Slug_Magma!
[2026/01/18 17:13:11   WARN]                    [NPC|P] Animation Leap does not exist for model Goblin_Duke!
[2026/01/18 17:13:11   WARN]                    [NPC|P] Animation Alerted does not exist for model Scarak_Broodmother!
[2026/01/18 17:13:11   WARN]                    [NPC|P] Animation Leap does not exist for model Goblin_Duke!
[2026/01/18 17:13:11   WARN]                    [NPC|P] Animation Leap does not exist for model Goblin_Duke_Large!
[2026/01/18 17:13:11   WARN]                    [NPC|P] Animation Alerted does not exist for model Kweebec_Rootling!
[2026/01/18 17:13:11   WARN]                    [NPC|P] Animation Rally does not exist for model Outlander_Priest!
[2026/01/18 17:13:11   WARN]                    [NPC|P] Animation Alerted does not exist for model Scarak_Broodmother!
[2026/01/18 17:13:11   WARN]                    [NPC|P] Animation Wave does not exist for model Frog_Blue!
[2026/01/18 17:13:11   WARN]                    [NPC|P] Animation Eat does not exist for model Lizard_Sand!
[2026/01/18 17:13:11   WARN]                    [NPC|P] Animation Curious does not exist for model Lizard_Sand!
[2026/01/18 17:13:11   WARN]                    [NPC|P] Animation GreetAnimation does not exist for model Lizard_Sand!
[2026/01/18 17:13:11   WARN]                    [NPC|P] Animation Alerted does not exist for model Scarak_Broodmother!
[2026/01/18 17:13:11   WARN]                    [NPC|P] Animation Sleep does not exist for model Tuluk_Fisherman!
[2026/01/18 17:13:11   WARN]                    [NPC|P] Animation Alerted does not exist for model Tuluk_Fisherman!
[2026/01/18 17:13:11   WARN]                    [NPC|P] Animation Laydown does not exist for model Tuluk_Fisherman!
[2026/01/18 17:13:11   WARN]                    [NPC|P] Animation Wake does not exist for model Tuluk_Fisherman!
[2026/01/18 17:13:11   INFO]                    [NPC|P] Validation complete.
[2026/01/18 17:13:11   INFO]                    [NPC|P] Loaded 895 NPC configurations
[2026/01/18 17:13:11   INFO]            [AssetEditor|P] Created new pack: Nikmorking:Terra at mods/Nikmorking.Terra
[2026/01/18 17:13:13   INFO] [AssetEditorPacketHandler] nikmorking is fetching asset com.hypixel.hytale.protocol.packets.asseteditor.AssetPath@b57a132, from opened tab: false
[2026/01/18 17:13:13   INFO]            [AssetEditor|P] Got 'AssetPath[packId=Hytale:Hytale, path=Server/Item/Items/Weapon/Staff/Weapon_Staff_Crystal_Flame.json]'
[2026/01/18 17:13:16   INFO] [AssetEditorPacketHandler] nikmorking is creating asset com.hypixel.hytale.protocol.packets.asseteditor.AssetPath@3fb89cff
[2026/01/18 17:13:16   INFO]            [AssetEditor|P] Created asset AssetPath[packId=Nikmorking:Terra, path=Server/Item/Items/Weapon/Staff/Weapon_Staff_Crystal_Flame.json]
[2026/01/18 17:13:16   WARN]   [AssetStore|Interaction] Unused key(s) in '**Weapon_Staff_Crystal_Flame_InteractionVars_Fireball_Impact_3_Interactions_0': EntityStatsOnHit
[2026/01/18 17:13:16   WARN]   [AssetStore|Interaction] Unused key(s) in '**Weapon_Staff_Crystal_Flame_InteractionVars_Fireball_Impact_2_Interactions_0': EntityStatsOnHit
[2026/01/18 17:13:16 SEVERE]                [PlayerRef] PlayerRef.getComponent(Player) called async with player in world
com.hypixel.hytale.logger.sentry.SkipSentryException
	at com.hypixel.hytale.server.core.universe.PlayerRef.getComponent(PlayerRef.java:299)
	at com.hypixel.hytale.builtin.asseteditor.AssetSpecificFunctionality.equipItem(AssetSpecificFunctionality.java:221)
	at com.hypixel.hytale.builtin.asseteditor.AssetSpecificFunctionality.onItemAssetCreated(AssetSpecificFunctionality.java:164)
	at com.hypixel.hytale.event.SyncEventBusRegistry.dispatchEventMap(SyncEventBusRegistry.java:112)
	at com.hypixel.hytale.event.SyncEventBusRegistry$SyncEventConsumerMap.dispatch(SyncEventBusRegistry.java:173)
	at com.hypixel.hytale.event.SyncEventBusRegistry$SyncEventConsumerMap.dispatch(SyncEventBusRegistry.java:163)
	at com.hypixel.hytale.builtin.asseteditor.AssetEditorPlugin.handleCreateAsset(AssetEditorPlugin.java:1766)
	at com.hypixel.hytale.builtin.asseteditor.AssetEditorPacketHandler.handle(AssetEditorPacketHandler.java:203)
	at com.hypixel.hytale.builtin.asseteditor.AssetEditorPacketHandler.lambda$registerHandlers$8(AssetEditorPacketHandler.java:123)
	at com.hypixel.hytale.server.core.io.handlers.GenericPacketHandler.accept(GenericPacketHandler.java:74)
	at com.hypixel.hytale.server.core.io.PacketHandler.handle(PacketHandler.java:237)
	at com.hypixel.hytale.server.core.io.netty.PlayerChannelHandler.channelRead(PlayerChannelHandler.java:37)
	at io.netty.channel.AbstractChannelHandlerContext.fireChannelRead(AbstractChannelHandlerContext.java:356)
	at com.hypixel.hytale.server.core.io.netty.RateLimitHandler.channelRead(RateLimitHandler.java:54)
	at io.netty.channel.AbstractChannelHandlerContext.fireChannelRead(AbstractChannelHandlerContext.java:356)
	at io.netty.handler.codec.ByteToMessageDecoder.fireChannelRead(ByteToMessageDecoder.java:361)
	at io.netty.handler.codec.ByteToMessageDecoder.channelRead(ByteToMessageDecoder.java:325)
	at io.netty.channel.AbstractChannelHandlerContext.fireChannelRead(AbstractChannelHandlerContext.java:356)
	at io.netty.handler.timeout.IdleStateHandler.channelRead(IdleStateHandler.java:293)
	at io.netty.channel.AbstractChannelHandlerContext.fireChannelRead(AbstractChannelHandlerContext.java:354)
	at io.netty.channel.DefaultChannelPipeline$HeadContext.channelRead(DefaultChannelPipeline.java:1429)
	at io.netty.channel.DefaultChannelPipeline.fireChannelRead(DefaultChannelPipeline.java:918)
	at io.netty.handler.codec.quic.QuicheQuicStreamChannel$QuicStreamChannelUnsafe.recv(QuicheQuicStreamChannel.java:1024)
	at io.netty.handler.codec.quic.QuicheQuicStreamChannel.readable(QuicheQuicStreamChannel.java:460)
	at io.netty.handler.codec.quic.QuicheQuicChannel$QuicChannelUnsafe.recvStream(QuicheQuicChannel.java:1847)
	at io.netty.handler.codec.quic.QuicheQuicChannel$QuicChannelUnsafe.processReceived(QuicheQuicChannel.java:1724)
	at io.netty.handler.codec.quic.QuicheQuicChannel$QuicChannelUnsafe.connectionRecv(QuicheQuicChannel.java:1659)
	at io.netty.handler.codec.quic.QuicheQuicChannel.recv(QuicheQuicChannel.java:970)
	at io.netty.handler.codec.quic.QuicheQuicCodec$QuicCodecHeaderProcessor.process(QuicheQuicCodec.java:370)
	at io.netty.handler.codec.quic.QuicHeaderParser.parse(QuicHeaderParser.java:142)
	at io.netty.handler.codec.quic.QuicheQuicCodec.handleQuicPacket(QuicheQuicCodec.java:200)
	at io.netty.handler.codec.quic.QuicheQuicCodec.channelRead(QuicheQuicCodec.java:191)
	at io.netty.channel.AbstractChannelHandlerContext.fireChannelRead(AbstractChannelHandlerContext.java:354)
	at io.netty.channel.DefaultChannelPipeline$HeadContext.channelRead(DefaultChannelPipeline.java:1429)
	at io.netty.channel.DefaultChannelPipeline.fireChannelRead(DefaultChannelPipeline.java:918)
	at io.netty.channel.epoll.EpollDatagramChannel.processPacket(EpollDatagramChannel.java:693)
	at io.netty.channel.epoll.EpollDatagramChannel.recvmsg(EpollDatagramChannel.java:728)
	at io.netty.channel.epoll.EpollDatagramChannel.access$300(EpollDatagramChannel.java:60)
	at io.netty.channel.epoll.EpollDatagramChannel$EpollDatagramChannelUnsafe.epollInReady(EpollDatagramChannel.java:565)
	at io.netty.channel.epoll.AbstractEpollChannel$AbstractEpollUnsafe.handle(AbstractEpollChannel.java:482)
	at io.netty.channel.epoll.EpollIoHandler$DefaultEpollIoRegistration.handle(EpollIoHandler.java:317)
	at io.netty.channel.epoll.EpollIoHandler.processReady(EpollIoHandler.java:515)
	at io.netty.channel.epoll.EpollIoHandler.run(EpollIoHandler.java:460)
	at io.netty.channel.SingleThreadIoEventLoop.runIo(SingleThreadIoEventLoop.java:225)
	at io.netty.channel.SingleThreadIoEventLoop.run(SingleThreadIoEventLoop.java:196)
	at io.netty.util.concurrent.SingleThreadEventExecutor$5.run(SingleThreadEventExecutor.java:1195)
	at io.netty.util.internal.ThreadExecutorMap$2.run(ThreadExecutorMap.java:74)
	at java.base/java.lang.Thread.run(Thread.java:1474)

[2026/01/18 17:13:16   INFO] [AssetEditorPacketHandler] nikmorking selecting com.hypixel.hytale.protocol.packets.asseteditor.AssetPath@3fb89cff
[2026/01/18 17:13:17   INFO] [AssetEditorPacketHandler] nikmorking is fetching asset com.hypixel.hytale.protocol.packets.asseteditor.AssetPath@a3f1516e, from opened tab: true
[2026/01/18 17:13:17   INFO]            [AssetEditor|P] Got 'AssetPath[packId=Hytale:Hytale, path=Common/Items/Weapons/Staff/Crystal_Flame_Texture.png]'
[2026/01/18 17:13:17   INFO] [AssetEditorPacketHandler] nikmorking is fetching asset com.hypixel.hytale.protocol.packets.asseteditor.AssetPath@dc9a5ca6, from opened tab: true
[2026/01/18 17:13:17   INFO]            [AssetEditor|P] Got 'AssetPath[packId=Hytale:Hytale, path=Common/Items/Weapons/Staff/Crystal_Flame.blockymodel]'
[2026/01/18 17:14:11   INFO]       [StandardDataSource] Saving recent asset modification index...
[2026/01/18 17:14:59   INFO] [AssetEditorPacketHandler] ababde7f-bafc-4827-b074-009e9ccd6b02 - nikmorking at QuicConnectionAddress{connId=5fa4658caefadd8cab64b27d5af36eddeb9ab26f} (/[0:0:0:0:0:0:0:1%0]:49546, streamId=0) left with reason: Disconnect - User leave
[2026/01/18 17:14:59   INFO]                   [Hytale] {Editor(QuicConnectionAddress{connId=5fa4658caefadd8cab64b27d5af36eddeb9ab26f} (/[0:0:0:0:0:0:0:1%0]:49546, streamId=0)), ababde7f-bafc-4827-b074-009e9ccd6b02, nikmorking} was closed.
[2026/01/18 17:14:59   INFO]            [QUICTransport] Connection closed: QuicheQuicConnectionStats[recv=2704, sent=5197, lost=0, retrans=0, sentBytes=1833320, recvBytes=233412, lostBytes=0, streamRetransBytes=0, pathsCount=1]
[2026/01/18 17:15:06   WARN]               [Spawning|P] Removing NPC of type Trout_Rainbow due to overpopulation (expected: 2.518725, actual: 8)
[2026/01/18 17:15:14   WARN]               [Spawning|P] Removing NPC of type Trout_Rainbow due to overpopulation (expected: 2.919264, actual: 8)
[2026/01/18 17:15:17   INFO]          [ExamplePlugin|P] [Drop] 1x Armor_Thorium_Head
[2026/01/18 17:15:21   INFO]            [ExamplePlugin] World{name='default', alive=true, loadedChunksCount=2016, totalLoadedChunksCount=8478, totalGeneratedChunksCount=68, entityCount=319}
[2026/01/18 17:15:21   INFO]          [ExamplePlugin|P] nikmorking said: Каска приди
[2026/01/18 17:15:21   INFO]          [ExamplePlugin|P] nikmorking said: Каска приди
[2026/01/18 17:15:21   INFO]                   [Hytale] nikmorking: Каска приди
[2026/01/18 17:15:22   INFO]            [World|default] [Broadcast] [Message] Касочник скоро предёт! Иди на спавн
[2026/01/18 17:15:53   INFO]            [AssetEditor|P] nikmorking is attempting to initialize asset editor
[2026/01/18 17:15:54   INFO]            [World|default] [Broadcast] [Message] Он прищёл!
[2026/01/18 17:15:54   INFO]            [World|default] Successfully spawned a Cow!
[2026/01/18 17:15:55   INFO]            [QUICTransport] Received connection from QuicConnectionAddress{connId=} (/[0:0:0:0:0:0:0:1%0]:39254) to QuicConnectionAddress{connId=c4bebd9c62b7cfc2b7504411d93d77e5bd4be1ee} (/[0:0:0:0:0:0:0:1]:5520)
[2026/01/18 17:15:55   INFO]                   [Hytale] Received stream QuicConnectionAddress{connId=c4bebd9c62b7cfc2b7504411d93d77e5bd4be1ee} (/[0:0:0:0:0:0:0:1%0]:39254, streamId=0) to QuicConnectionAddress{connId=c4bebd9c62b7cfc2b7504411d93d77e5bd4be1ee} (/[0:0:0:0:0:0:0:1]:5520, streamId=0)
[2026/01/18 17:15:55 FINEST]              [LoginTiming] setTimeout-initial
[2026/01/18 17:15:55   FINE]              [LoginTiming] Registered took 112us 753ns
[2026/01/18 17:15:55   FINE]              [LoginTiming] Connect took 278us 178ns
[2026/01/18 17:15:55   INFO]                   [Hytale] Starting authenticated flow for nikmorking (ababde7f-bafc-4827-b074-009e9ccd6b02) from QuicConnectionAddress{connId=c4bebd9c62b7cfc2b7504411d93d77e5bd4be1ee} (/[0:0:0:0:0:0:0:1%0]:39254, streamId=0)
[2026/01/18 17:15:55   INFO]             [JWTValidator] Identity token validated successfully for user null (UUID: ababde7f-bafc-4827-b074-009e9ccd6b02)
[2026/01/18 17:15:55   INFO]         [HandshakeHandler] Identity token validated for nikmorking (UUID: ababde7f-bafc-4827-b074-009e9ccd6b02, scope: hytale:editor) from QuicConnectionAddress{connId=c4bebd9c62b7cfc2b7504411d93d77e5bd4be1ee} (/[0:0:0:0:0:0:0:1%0]:39254, streamId=0), requesting auth grant
[2026/01/18 17:15:55 FINEST]              [LoginTiming] setTimeout-auth-grant-timeout took 9ms 451us 383ns
[2026/01/18 17:15:55   INFO]     [SessionServiceClient] Requesting authorization grant with identity token, aud='856e1cae-a0ed-4bb4-9306-7a7c28de52e5'
[2026/01/18 17:15:55   INFO]     [SessionServiceClient] Successfully obtained authorization grant
[2026/01/18 17:15:55   INFO]         [HandshakeHandler] Sending AuthGrant to QuicConnectionAddress{connId=c4bebd9c62b7cfc2b7504411d93d77e5bd4be1ee} (/[0:0:0:0:0:0:0:1%0]:39254, streamId=0) (with server identity: true)
[2026/01/18 17:15:55 FINEST]              [LoginTiming] setTimeout-auth-token-timeout took 311ms 902us 132ns
[2026/01/18 17:15:57   INFO]         [HandshakeHandler] Received AuthToken from QuicConnectionAddress{connId=c4bebd9c62b7cfc2b7504411d93d77e5bd4be1ee} (/[0:0:0:0:0:0:0:1%0]:39254, streamId=0), validating JWT (mTLS cert present: true, server auth grant: true)
[2026/01/18 17:15:57   INFO]          [CertificateUtil] Certificate binding validated successfully
[2026/01/18 17:15:57   INFO]             [JWTValidator] JWT validated successfully for user nikmorking (UUID: ababde7f-bafc-4827-b074-009e9ccd6b02)
[2026/01/18 17:15:57 FINEST]              [LoginTiming] setTimeout-server-token-exchange-timeout took 1sec 619ms 597us 172ns
[2026/01/18 17:15:57   INFO]     [SessionServiceClient] Exchanging authorization grant for access token
[2026/01/18 17:15:57   INFO]     [SessionServiceClient] Successfully obtained access token
[2026/01/18 17:15:57   INFO]         [HandshakeHandler] Sending ServerAuthToken to QuicConnectionAddress{connId=c4bebd9c62b7cfc2b7504411d93d77e5bd4be1ee} (/[0:0:0:0:0:0:0:1%0]:39254, streamId=0) (with password challenge: false)
[2026/01/18 17:15:57   INFO]         [HandshakeHandler] Mutual authentication complete for nikmorking (ababde7f-bafc-4827-b074-009e9ccd6b02) from QuicConnectionAddress{connId=c4bebd9c62b7cfc2b7504411d93d77e5bd4be1ee} (/[0:0:0:0:0:0:0:1%0]:39254, streamId=0)
[2026/01/18 17:15:57   FINE]              [LoginTiming] Authenticated took 183ms 564us 615ns
[2026/01/18 17:15:57   INFO]    [PasswordPacketHandler] Connection complete for nikmorking (ababde7f-bafc-4827-b074-009e9ccd6b02), transitioning to setup
[2026/01/18 17:15:57   INFO]            [AssetEditor|P] Initializing nikmorking
[2026/01/18 17:15:57   INFO]            [AssetEditor|P] Done Initializing nikmorking
[2026/01/18 17:16:18   INFO] [AssetEditorPacketHandler] nikmorking selecting com.hypixel.hytale.protocol.packets.asseteditor.AssetPath@3fb89cff
[2026/01/18 17:16:18   INFO] [AssetEditorPacketHandler] nikmorking is fetching json asset com.hypixel.hytale.protocol.packets.asseteditor.AssetPath@3fb89cff, from opened tab: true
[2026/01/18 17:16:18   INFO]            [AssetEditor|P] Got 'AssetPath[packId=Nikmorking:Terra, path=Server/Item/Items/Weapon/Staff/Weapon_Staff_Crystal_Flame.json]'
[2026/01/18 17:16:18   INFO] [AssetEditorPacketHandler] nikmorking is fetching asset com.hypixel.hytale.protocol.packets.asseteditor.AssetPath@a3f1516e, from opened tab: true
[2026/01/18 17:16:18   INFO]            [AssetEditor|P] Got 'AssetPath[packId=Hytale:Hytale, path=Common/Items/Weapons/Staff/Crystal_Flame_Texture.png]'
[2026/01/18 17:16:18   INFO] [AssetEditorPacketHandler] nikmorking is fetching asset com.hypixel.hytale.protocol.packets.asseteditor.AssetPath@dc9a5ca6, from opened tab: true
[2026/01/18 17:16:18   INFO]            [AssetEditor|P] Got 'AssetPath[packId=Hytale:Hytale, path=Common/Items/Weapons/Staff/Crystal_Flame.blockymodel]'
Command not found! save
Command not found! save
[2026/01/18 17:22:14   INFO]        [ServerAuthManager] Refreshing game session with Session Service...
[2026/01/18 17:22:14   INFO]     [SessionServiceClient] Refreshing game session...
[2026/01/18 17:22:15   INFO]     [SessionServiceClient] Successfully refreshed game session
[2026/01/18 17:22:15   INFO]        [ServerAuthManager] Token refresh scheduled in 3299 seconds
[2026/01/18 17:22:15   INFO]        [ServerAuthManager] Game session refresh successful
                                                                                                                                                                                                                                                                                                                                                                                                                                                                                                                                                                                                                                                                                                                                                                                                                                                                                                                                                                                                                                                                                                                                                                                                                                                                                                                                                                                                                                                                                                                                                                                                                                                                                                                                                                                                                                                                                                                                                                                                                                                                                                                                                                                                                                                                                                                                                                                                                                                                                                                                                                                                                                                                                                                                                                                                                                                                                                           